archivoA,archivoB,similitud
./MALWR/1F2EB7B090018D975E6D9B40868C94CA,./MALWR/33DE5067A433A6EC5C328067DC18EC37,0.6666666666666666
./MALWR/1F2EB7B090018D975E6D9B40868C94CA,./MALWR/65018CD542145A3792BA09985734C12A,0.6666666666666666
./MALWR/1F2EB7B090018D975E6D9B40868C94CA,./MALWR/650A6FCA433EE243391E4B4C11F09438,0.6666666666666666
./MALWR/1F2EB7B090018D975E6D9B40868C94CA,./MALWR/6FAA4740F99408D4D2DDDD0B09BBDEFD,0.6666666666666666
./MALWR/1F2EB7B090018D975E6D9B40868C94CA,./MALWR/785003A405BC7A4EBCBB21DDB757BF3F,0.6666666666666666
./MALWR/1F2EB7B090018D975E6D9B40868C94CA,./MALWR/8442AE37B91F279A9F06DE4C60B286A3,1.0
./MALWR/1F2EB7B090018D975E6D9B40868C94CA,./MALWR/99A39866A657A10949FCB6D634BB30D5,0.6666666666666666
./MALWR/1F2EB7B090018D975E6D9B40868C94CA,./MALWR/A316D5AECA269CA865077E7FFF356E7D,0.6666666666666666
./MALWR/1F2EB7B090018D975E6D9B40868C94CA,./MALWR/AAAz2E1B6940985A23E5639450F8391820655,0.21428571428571427
./MALWR/1F2EB7B090018D975E6D9B40868C94CA,./MALWR/AL65_DB05DF0498B59B42A8E493CF3C10C578,0.21428571428571427
./MALWR/1F2EB7B090018D975E6D9B40868C94CA,./MALWR/B07322743778B5868475DBE66EEDAC4F,1.0
./MALWR/1F2EB7B090018D975E6D9B40868C94CA,./MALWR/B98hX8E8622C393D7E832D39E620EAD5D3B49,0.38461538461538464
./MALWR/1F2EB7B090018D975E6D9B40868C94CA,./MALWR/BVJ2D9FBF759F527AF373E34673DC3ACA462,0.6666666666666666
./MALWR/1F2EB7B090018D975E6D9B40868C94CA,./MALWR/DS22_A670D13D4D014169C4080328B8FEB86,0.01098901098901099
./MALWR/1F2EB7B090018D975E6D9B40868C94CA,./MALWR/EEE99EC8AA67B05407C01094184C33D2B5A44,1.0
./MALWR/1F2EB7B090018D975E6D9B40868C94CA,./MALWR/F6655E39465C2FF5B016980D918EA028,1.0
./MALWR/1F2EB7B090018D975E6D9B40868C94CA,./MALWR/F8437E44748D2C3FCF84019766F4E6DC,0.6666666666666666
./MALWR/1F2EB7B090018D975E6D9B40868C94CA,./MALWR/FGJKJJ1_2BA0D0083976A5C1E3315413CDCFFCD2,0.6666666666666666
./MALWR/1F2EB7B090018D975E6D9B40868C94CA,./MALWR/FGTR43_EF8E0FB20E7228C7492CCDC59D87C690,0.21428571428571427
./MALWR/1F2EB7B090018D975E6D9B40868C94CA,./MALWR/FHHH6576C196385407B0F7F4B1B537D88983,0.6666666666666666
./MALWR/1F2EB7B090018D975E6D9B40868C94CA,./MALWR/FTTR9EA3C16194CE354C244C1B74C46CD92E,1.0
./MALWR/1F2EB7B090018D975E6D9B40868C94CA,./MALWR/GBV66_8F259BB36E00D124963CFA9B86F502E,0.01098901098901099
./MALWR/1F2EB7B090018D975E6D9B40868C94CA,./MALWR/GFT4_7DDD3D72EAD03C7518F5D47650C8572,0.01098901098901099
./MALWR/1F2EB7B090018D975E6D9B40868C94CA,./MALWR/HJGQDD892986B2249B5214639ECC8AC0223,0.6666666666666666
./MALWR/1F2EB7B090018D975E6D9B40868C94CA,./MALWR/JH78C0A33A1B472A8C16123FD696A5CE5EBB,0.6666666666666666
./MALWR/1F2EB7B090018D975E6D9B40868C94CA,./MALWR/JKK8CA6FE7A1315AF5AFEAC2961460A80569,0.6666666666666666
./MALWR/1F2EB7B090018D975E6D9B40868C94CA,./MALWR/K99_C3A9A7B026BFE0E55FF219FD6AA7D94,0.01098901098901099
./MALWR/1F2EB7B090018D975E6D9B40868C94CA,./MALWR/KLp90_6D5C8FC4B14559F73B6136D85B94198,0.01098901098901099
./MALWR/1F2EB7B090018D975E6D9B40868C94CA,./MALWR/L11_1415EB8519D13328091CC5C76A624E3D,0.36363636363636365
./MALWR/1F2EB7B090018D975E6D9B40868C94CA,./MALWR/NBV_8B75BCBFF174C25A0161F30758509A44,0.6666666666666666
./MALWR/1F2EB7B090018D975E6D9B40868C94CA,./MALWR/NV99_C9C9DBF388A8D81D8CFB4D3FC05F8E4,0.01098901098901099
./MALWR/1F2EB7B090018D975E6D9B40868C94CA,./MALWR/PL98_BD8B082B7711BC980252F988BB0CA936,0.21428571428571427
./MALWR/1F2EB7B090018D975E6D9B40868C94CA,./MALWR/POL55_A4F1ECC4D25B33395196B5D51A06790,0.01098901098901099
./MALWR/1F2EB7B090018D975E6D9B40868C94CA,./MALWR/QW2_4C6BDDCCA2695D6202DF38708E14FC7E,0.21428571428571427
./MALWR/1F2EB7B090018D975E6D9B40868C94CA,./MALWR/RTC_7F85D7F628CE62D1D8F7B39D8940472,0.36363636363636365
./MALWR/1F2EB7B090018D975E6D9B40868C94CA,./MALWR/SAM_B659D71AE168E774FAAF38DB30F4A84,0.01098901098901099
./MALWR/1F2EB7B090018D975E6D9B40868C94CA,./MALWR/TG78Z__727A6800991EEAD454E53E8AF164A99C,0.26666666666666666
./MALWR/1F2EB7B090018D975E6D9B40868C94CA,./MALWR/VBMM9_149B7BD7218AAB4E257D28469FDDB0D,0.36363636363636365
./MALWR/1F2EB7B090018D975E6D9B40868C94CA,./MALWR/VC990_468FF2C12CFFC7E5B2FE0EE6BB3B239E,0.26666666666666666
./MALWR/33DE5067A433A6EC5C328067DC18EC37,./MALWR/65018CD542145A3792BA09985734C12A,1.0
./MALWR/33DE5067A433A6EC5C328067DC18EC37,./MALWR/650A6FCA433EE243391E4B4C11F09438,1.0
./MALWR/33DE5067A433A6EC5C328067DC18EC37,./MALWR/6FAA4740F99408D4D2DDDD0B09BBDEFD,1.0
./MALWR/33DE5067A433A6EC5C328067DC18EC37,./MALWR/785003A405BC7A4EBCBB21DDB757BF3F,1.0
./MALWR/33DE5067A433A6EC5C328067DC18EC37,./MALWR/8442AE37B91F279A9F06DE4C60B286A3,0.6666666666666666
./MALWR/33DE5067A433A6EC5C328067DC18EC37,./MALWR/99A39866A657A10949FCB6D634BB30D5,1.0
./MALWR/33DE5067A433A6EC5C328067DC18EC37,./MALWR/A316D5AECA269CA865077E7FFF356E7D,1.0
./MALWR/33DE5067A433A6EC5C328067DC18EC37,./MALWR/AAAz2E1B6940985A23E5639450F8391820655,0.2
./MALWR/33DE5067A433A6EC5C328067DC18EC37,./MALWR/AL65_DB05DF0498B59B42A8E493CF3C10C578,0.2
./MALWR/33DE5067A433A6EC5C328067DC18EC37,./MALWR/B07322743778B5868475DBE66EEDAC4F,0.6666666666666666
./MALWR/33DE5067A433A6EC5C328067DC18EC37,./MALWR/B98hX8E8622C393D7E832D39E620EAD5D3B49,0.26666666666666666
./MALWR/33DE5067A433A6EC5C328067DC18EC37,./MALWR/BVJ2D9FBF759F527AF373E34673DC3ACA462,1.0
./MALWR/33DE5067A433A6EC5C328067DC18EC37,./MALWR/DS22_A670D13D4D014169C4080328B8FEB86,0.010869565217391304
./MALWR/33DE5067A433A6EC5C328067DC18EC37,./MALWR/EEE99EC8AA67B05407C01094184C33D2B5A44,0.6666666666666666
./MALWR/33DE5067A433A6EC5C328067DC18EC37,./MALWR/F6655E39465C2FF5B016980D918EA028,0.6666666666666666
./MALWR/33DE5067A433A6EC5C328067DC18EC37,./MALWR/F8437E44748D2C3FCF84019766F4E6DC,1.0
./MALWR/33DE5067A433A6EC5C328067DC18EC37,./MALWR/FGJKJJ1_2BA0D0083976A5C1E3315413CDCFFCD2,1.0
./MALWR/33DE5067A433A6EC5C328067DC18EC37,./MALWR/FGTR43_EF8E0FB20E7228C7492CCDC59D87C690,0.2
./MALWR/33DE5067A433A6EC5C328067DC18EC37,./MALWR/FHHH6576C196385407B0F7F4B1B537D88983,1.0
./MALWR/33DE5067A433A6EC5C328067DC18EC37,./MALWR/FTTR9EA3C16194CE354C244C1B74C46CD92E,0.6666666666666666
./MALWR/33DE5067A433A6EC5C328067DC18EC37,./MALWR/GBV66_8F259BB36E00D124963CFA9B86F502E,0.010869565217391304
./MALWR/33DE5067A433A6EC5C328067DC18EC37,./MALWR/GFT4_7DDD3D72EAD03C7518F5D47650C8572,0.010869565217391304
./MALWR/33DE5067A433A6EC5C328067DC18EC37,./MALWR/HJGQDD892986B2249B5214639ECC8AC0223,1.0
./MALWR/33DE5067A433A6EC5C328067DC18EC37,./MALWR/JH78C0A33A1B472A8C16123FD696A5CE5EBB,1.0
./MALWR/33DE5067A433A6EC5C328067DC18EC37,./MALWR/JKK8CA6FE7A1315AF5AFEAC2961460A80569,1.0
./MALWR/33DE5067A433A6EC5C328067DC18EC37,./MALWR/K99_C3A9A7B026BFE0E55FF219FD6AA7D94,0.010869565217391304
./MALWR/33DE5067A433A6EC5C328067DC18EC37,./MALWR/KLp90_6D5C8FC4B14559F73B6136D85B94198,0.010869565217391304
./MALWR/33DE5067A433A6EC5C328067DC18EC37,./MALWR/L11_1415EB8519D13328091CC5C76A624E3D,0.3333333333333333
./MALWR/33DE5067A433A6EC5C328067DC18EC37,./MALWR/NBV_8B75BCBFF174C25A0161F30758509A44,1.0
./MALWR/33DE5067A433A6EC5C328067DC18EC37,./MALWR/NV99_C9C9DBF388A8D81D8CFB4D3FC05F8E4,0.010869565217391304
./MALWR/33DE5067A433A6EC5C328067DC18EC37,./MALWR/PL98_BD8B082B7711BC980252F988BB0CA936,0.2
./MALWR/33DE5067A433A6EC5C328067DC18EC37,./MALWR/POL55_A4F1ECC4D25B33395196B5D51A06790,0.010869565217391304
./MALWR/33DE5067A433A6EC5C328067DC18EC37,./MALWR/QW2_4C6BDDCCA2695D6202DF38708E14FC7E,0.2
./MALWR/33DE5067A433A6EC5C328067DC18EC37,./MALWR/RTC_7F85D7F628CE62D1D8F7B39D8940472,0.3333333333333333
./MALWR/33DE5067A433A6EC5C328067DC18EC37,./MALWR/SAM_B659D71AE168E774FAAF38DB30F4A84,0.010869565217391304
./MALWR/33DE5067A433A6EC5C328067DC18EC37,./MALWR/TG78Z__727A6800991EEAD454E53E8AF164A99C,0.25
./MALWR/33DE5067A433A6EC5C328067DC18EC37,./MALWR/VBMM9_149B7BD7218AAB4E257D28469FDDB0D,0.3333333333333333
./MALWR/33DE5067A433A6EC5C328067DC18EC37,./MALWR/VC990_468FF2C12CFFC7E5B2FE0EE6BB3B239E,0.25
./MALWR/65018CD542145A3792BA09985734C12A,./MALWR/650A6FCA433EE243391E4B4C11F09438,1.0
./MALWR/65018CD542145A3792BA09985734C12A,./MALWR/6FAA4740F99408D4D2DDDD0B09BBDEFD,1.0
./MALWR/65018CD542145A3792BA09985734C12A,./MALWR/785003A405BC7A4EBCBB21DDB757BF3F,1.0
./MALWR/65018CD542145A3792BA09985734C12A,./MALWR/8442AE37B91F279A9F06DE4C60B286A3,0.6666666666666666
./MALWR/65018CD542145A3792BA09985734C12A,./MALWR/99A39866A657A10949FCB6D634BB30D5,1.0
./MALWR/65018CD542145A3792BA09985734C12A,./MALWR/A316D5AECA269CA865077E7FFF356E7D,1.0
./MALWR/65018CD542145A3792BA09985734C12A,./MALWR/AAAz2E1B6940985A23E5639450F8391820655,0.2
./MALWR/65018CD542145A3792BA09985734C12A,./MALWR/AL65_DB05DF0498B59B42A8E493CF3C10C578,0.2
./MALWR/65018CD542145A3792BA09985734C12A,./MALWR/B07322743778B5868475DBE66EEDAC4F,0.6666666666666666
./MALWR/65018CD542145A3792BA09985734C12A,./MALWR/B98hX8E8622C393D7E832D39E620EAD5D3B49,0.26666666666666666
./MALWR/65018CD542145A3792BA09985734C12A,./MALWR/BVJ2D9FBF759F527AF373E34673DC3ACA462,1.0
./MALWR/65018CD542145A3792BA09985734C12A,./MALWR/DS22_A670D13D4D014169C4080328B8FEB86,0.010869565217391304
./MALWR/65018CD542145A3792BA09985734C12A,./MALWR/EEE99EC8AA67B05407C01094184C33D2B5A44,0.6666666666666666
./MALWR/65018CD542145A3792BA09985734C12A,./MALWR/F6655E39465C2FF5B016980D918EA028,0.6666666666666666
./MALWR/65018CD542145A3792BA09985734C12A,./MALWR/F8437E44748D2C3FCF84019766F4E6DC,1.0
./MALWR/65018CD542145A3792BA09985734C12A,./MALWR/FGJKJJ1_2BA0D0083976A5C1E3315413CDCFFCD2,1.0
./MALWR/65018CD542145A3792BA09985734C12A,./MALWR/FGTR43_EF8E0FB20E7228C7492CCDC59D87C690,0.2
./MALWR/65018CD542145A3792BA09985734C12A,./MALWR/FHHH6576C196385407B0F7F4B1B537D88983,1.0
./MALWR/65018CD542145A3792BA09985734C12A,./MALWR/FTTR9EA3C16194CE354C244C1B74C46CD92E,0.6666666666666666
./MALWR/65018CD542145A3792BA09985734C12A,./MALWR/GBV66_8F259BB36E00D124963CFA9B86F502E,0.010869565217391304
./MALWR/65018CD542145A3792BA09985734C12A,./MALWR/GFT4_7DDD3D72EAD03C7518F5D47650C8572,0.010869565217391304
./MALWR/65018CD542145A3792BA09985734C12A,./MALWR/HJGQDD892986B2249B5214639ECC8AC0223,1.0
./MALWR/65018CD542145A3792BA09985734C12A,./MALWR/JH78C0A33A1B472A8C16123FD696A5CE5EBB,1.0
./MALWR/65018CD542145A3792BA09985734C12A,./MALWR/JKK8CA6FE7A1315AF5AFEAC2961460A80569,1.0
./MALWR/65018CD542145A3792BA09985734C12A,./MALWR/K99_C3A9A7B026BFE0E55FF219FD6AA7D94,0.010869565217391304
./MALWR/65018CD542145A3792BA09985734C12A,./MALWR/KLp90_6D5C8FC4B14559F73B6136D85B94198,0.010869565217391304
./MALWR/65018CD542145A3792BA09985734C12A,./MALWR/L11_1415EB8519D13328091CC5C76A624E3D,0.3333333333333333
./MALWR/65018CD542145A3792BA09985734C12A,./MALWR/NBV_8B75BCBFF174C25A0161F30758509A44,1.0
./MALWR/65018CD542145A3792BA09985734C12A,./MALWR/NV99_C9C9DBF388A8D81D8CFB4D3FC05F8E4,0.010869565217391304
./MALWR/65018CD542145A3792BA09985734C12A,./MALWR/PL98_BD8B082B7711BC980252F988BB0CA936,0.2
./MALWR/65018CD542145A3792BA09985734C12A,./MALWR/POL55_A4F1ECC4D25B33395196B5D51A06790,0.010869565217391304
./MALWR/65018CD542145A3792BA09985734C12A,./MALWR/QW2_4C6BDDCCA2695D6202DF38708E14FC7E,0.2
./MALWR/65018CD542145A3792BA09985734C12A,./MALWR/RTC_7F85D7F628CE62D1D8F7B39D8940472,0.3333333333333333
./MALWR/65018CD542145A3792BA09985734C12A,./MALWR/SAM_B659D71AE168E774FAAF38DB30F4A84,0.010869565217391304
./MALWR/65018CD542145A3792BA09985734C12A,./MALWR/TG78Z__727A6800991EEAD454E53E8AF164A99C,0.25
./MALWR/65018CD542145A3792BA09985734C12A,./MALWR/VBMM9_149B7BD7218AAB4E257D28469FDDB0D,0.3333333333333333
./MALWR/65018CD542145A3792BA09985734C12A,./MALWR/VC990_468FF2C12CFFC7E5B2FE0EE6BB3B239E,0.25
./MALWR/650A6FCA433EE243391E4B4C11F09438,./MALWR/6FAA4740F99408D4D2DDDD0B09BBDEFD,1.0
./MALWR/650A6FCA433EE243391E4B4C11F09438,./MALWR/785003A405BC7A4EBCBB21DDB757BF3F,1.0
./MALWR/650A6FCA433EE243391E4B4C11F09438,./MALWR/8442AE37B91F279A9F06DE4C60B286A3,0.6666666666666666
./MALWR/650A6FCA433EE243391E4B4C11F09438,./MALWR/99A39866A657A10949FCB6D634BB30D5,1.0
./MALWR/650A6FCA433EE243391E4B4C11F09438,./MALWR/A316D5AECA269CA865077E7FFF356E7D,1.0
./MALWR/650A6FCA433EE243391E4B4C11F09438,./MALWR/AAAz2E1B6940985A23E5639450F8391820655,0.2
./MALWR/650A6FCA433EE243391E4B4C11F09438,./MALWR/AL65_DB05DF0498B59B42A8E493CF3C10C578,0.2
./MALWR/650A6FCA433EE243391E4B4C11F09438,./MALWR/B07322743778B5868475DBE66EEDAC4F,0.6666666666666666
./MALWR/650A6FCA433EE243391E4B4C11F09438,./MALWR/B98hX8E8622C393D7E832D39E620EAD5D3B49,0.26666666666666666
./MALWR/650A6FCA433EE243391E4B4C11F09438,./MALWR/BVJ2D9FBF759F527AF373E34673DC3ACA462,1.0
./MALWR/650A6FCA433EE243391E4B4C11F09438,./MALWR/DS22_A670D13D4D014169C4080328B8FEB86,0.010869565217391304
./MALWR/650A6FCA433EE243391E4B4C11F09438,./MALWR/EEE99EC8AA67B05407C01094184C33D2B5A44,0.6666666666666666
./MALWR/650A6FCA433EE243391E4B4C11F09438,./MALWR/F6655E39465C2FF5B016980D918EA028,0.6666666666666666
./MALWR/650A6FCA433EE243391E4B4C11F09438,./MALWR/F8437E44748D2C3FCF84019766F4E6DC,1.0
./MALWR/650A6FCA433EE243391E4B4C11F09438,./MALWR/FGJKJJ1_2BA0D0083976A5C1E3315413CDCFFCD2,1.0
./MALWR/650A6FCA433EE243391E4B4C11F09438,./MALWR/FGTR43_EF8E0FB20E7228C7492CCDC59D87C690,0.2
./MALWR/650A6FCA433EE243391E4B4C11F09438,./MALWR/FHHH6576C196385407B0F7F4B1B537D88983,1.0
./MALWR/650A6FCA433EE243391E4B4C11F09438,./MALWR/FTTR9EA3C16194CE354C244C1B74C46CD92E,0.6666666666666666
./MALWR/650A6FCA433EE243391E4B4C11F09438,./MALWR/GBV66_8F259BB36E00D124963CFA9B86F502E,0.010869565217391304
./MALWR/650A6FCA433EE243391E4B4C11F09438,./MALWR/GFT4_7DDD3D72EAD03C7518F5D47650C8572,0.010869565217391304
./MALWR/650A6FCA433EE243391E4B4C11F09438,./MALWR/HJGQDD892986B2249B5214639ECC8AC0223,1.0
./MALWR/650A6FCA433EE243391E4B4C11F09438,./MALWR/JH78C0A33A1B472A8C16123FD696A5CE5EBB,1.0
./MALWR/650A6FCA433EE243391E4B4C11F09438,./MALWR/JKK8CA6FE7A1315AF5AFEAC2961460A80569,1.0
./MALWR/650A6FCA433EE243391E4B4C11F09438,./MALWR/K99_C3A9A7B026BFE0E55FF219FD6AA7D94,0.010869565217391304
./MALWR/650A6FCA433EE243391E4B4C11F09438,./MALWR/KLp90_6D5C8FC4B14559F73B6136D85B94198,0.010869565217391304
./MALWR/650A6FCA433EE243391E4B4C11F09438,./MALWR/L11_1415EB8519D13328091CC5C76A624E3D,0.3333333333333333
./MALWR/650A6FCA433EE243391E4B4C11F09438,./MALWR/NBV_8B75BCBFF174C25A0161F30758509A44,1.0
./MALWR/650A6FCA433EE243391E4B4C11F09438,./MALWR/NV99_C9C9DBF388A8D81D8CFB4D3FC05F8E4,0.010869565217391304
./MALWR/650A6FCA433EE243391E4B4C11F09438,./MALWR/PL98_BD8B082B7711BC980252F988BB0CA936,0.2
./MALWR/650A6FCA433EE243391E4B4C11F09438,./MALWR/POL55_A4F1ECC4D25B33395196B5D51A06790,0.010869565217391304
./MALWR/650A6FCA433EE243391E4B4C11F09438,./MALWR/QW2_4C6BDDCCA2695D6202DF38708E14FC7E,0.2
./MALWR/650A6FCA433EE243391E4B4C11F09438,./MALWR/RTC_7F85D7F628CE62D1D8F7B39D8940472,0.3333333333333333
./MALWR/650A6FCA433EE243391E4B4C11F09438,./MALWR/SAM_B659D71AE168E774FAAF38DB30F4A84,0.010869565217391304
./MALWR/650A6FCA433EE243391E4B4C11F09438,./MALWR/TG78Z__727A6800991EEAD454E53E8AF164A99C,0.25
./MALWR/650A6FCA433EE243391E4B4C11F09438,./MALWR/VBMM9_149B7BD7218AAB4E257D28469FDDB0D,0.3333333333333333
./MALWR/650A6FCA433EE243391E4B4C11F09438,./MALWR/VC990_468FF2C12CFFC7E5B2FE0EE6BB3B239E,0.25
./MALWR/6FAA4740F99408D4D2DDDD0B09BBDEFD,./MALWR/785003A405BC7A4EBCBB21DDB757BF3F,1.0
./MALWR/6FAA4740F99408D4D2DDDD0B09BBDEFD,./MALWR/8442AE37B91F279A9F06DE4C60B286A3,0.6666666666666666
./MALWR/6FAA4740F99408D4D2DDDD0B09BBDEFD,./MALWR/99A39866A657A10949FCB6D634BB30D5,1.0
./MALWR/6FAA4740F99408D4D2DDDD0B09BBDEFD,./MALWR/A316D5AECA269CA865077E7FFF356E7D,1.0
./MALWR/6FAA4740F99408D4D2DDDD0B09BBDEFD,./MALWR/AAAz2E1B6940985A23E5639450F8391820655,0.2
./MALWR/6FAA4740F99408D4D2DDDD0B09BBDEFD,./MALWR/AL65_DB05DF0498B59B42A8E493CF3C10C578,0.2
./MALWR/6FAA4740F99408D4D2DDDD0B09BBDEFD,./MALWR/B07322743778B5868475DBE66EEDAC4F,0.6666666666666666
./MALWR/6FAA4740F99408D4D2DDDD0B09BBDEFD,./MALWR/B98hX8E8622C393D7E832D39E620EAD5D3B49,0.26666666666666666
./MALWR/6FAA4740F99408D4D2DDDD0B09BBDEFD,./MALWR/BVJ2D9FBF759F527AF373E34673DC3ACA462,1.0
./MALWR/6FAA4740F99408D4D2DDDD0B09BBDEFD,./MALWR/DS22_A670D13D4D014169C4080328B8FEB86,0.010869565217391304
./MALWR/6FAA4740F99408D4D2DDDD0B09BBDEFD,./MALWR/EEE99EC8AA67B05407C01094184C33D2B5A44,0.6666666666666666
./MALWR/6FAA4740F99408D4D2DDDD0B09BBDEFD,./MALWR/F6655E39465C2FF5B016980D918EA028,0.6666666666666666
./MALWR/6FAA4740F99408D4D2DDDD0B09BBDEFD,./MALWR/F8437E44748D2C3FCF84019766F4E6DC,1.0
./MALWR/6FAA4740F99408D4D2DDDD0B09BBDEFD,./MALWR/FGJKJJ1_2BA0D0083976A5C1E3315413CDCFFCD2,1.0
./MALWR/6FAA4740F99408D4D2DDDD0B09BBDEFD,./MALWR/FGTR43_EF8E0FB20E7228C7492CCDC59D87C690,0.2
./MALWR/6FAA4740F99408D4D2DDDD0B09BBDEFD,./MALWR/FHHH6576C196385407B0F7F4B1B537D88983,1.0
./MALWR/6FAA4740F99408D4D2DDDD0B09BBDEFD,./MALWR/FTTR9EA3C16194CE354C244C1B74C46CD92E,0.6666666666666666
./MALWR/6FAA4740F99408D4D2DDDD0B09BBDEFD,./MALWR/GBV66_8F259BB36E00D124963CFA9B86F502E,0.010869565217391304
./MALWR/6FAA4740F99408D4D2DDDD0B09BBDEFD,./MALWR/GFT4_7DDD3D72EAD03C7518F5D47650C8572,0.010869565217391304
./MALWR/6FAA4740F99408D4D2DDDD0B09BBDEFD,./MALWR/HJGQDD892986B2249B5214639ECC8AC0223,1.0
./MALWR/6FAA4740F99408D4D2DDDD0B09BBDEFD,./MALWR/JH78C0A33A1B472A8C16123FD696A5CE5EBB,1.0
./MALWR/6FAA4740F99408D4D2DDDD0B09BBDEFD,./MALWR/JKK8CA6FE7A1315AF5AFEAC2961460A80569,1.0
./MALWR/6FAA4740F99408D4D2DDDD0B09BBDEFD,./MALWR/K99_C3A9A7B026BFE0E55FF219FD6AA7D94,0.010869565217391304
./MALWR/6FAA4740F99408D4D2DDDD0B09BBDEFD,./MALWR/KLp90_6D5C8FC4B14559F73B6136D85B94198,0.010869565217391304
./MALWR/6FAA4740F99408D4D2DDDD0B09BBDEFD,./MALWR/L11_1415EB8519D13328091CC5C76A624E3D,0.3333333333333333
./MALWR/6FAA4740F99408D4D2DDDD0B09BBDEFD,./MALWR/NBV_8B75BCBFF174C25A0161F30758509A44,1.0
./MALWR/6FAA4740F99408D4D2DDDD0B09BBDEFD,./MALWR/NV99_C9C9DBF388A8D81D8CFB4D3FC05F8E4,0.010869565217391304
./MALWR/6FAA4740F99408D4D2DDDD0B09BBDEFD,./MALWR/PL98_BD8B082B7711BC980252F988BB0CA936,0.2
./MALWR/6FAA4740F99408D4D2DDDD0B09BBDEFD,./MALWR/POL55_A4F1ECC4D25B33395196B5D51A06790,0.010869565217391304
./MALWR/6FAA4740F99408D4D2DDDD0B09BBDEFD,./MALWR/QW2_4C6BDDCCA2695D6202DF38708E14FC7E,0.2
./MALWR/6FAA4740F99408D4D2DDDD0B09BBDEFD,./MALWR/RTC_7F85D7F628CE62D1D8F7B39D8940472,0.3333333333333333
./MALWR/6FAA4740F99408D4D2DDDD0B09BBDEFD,./MALWR/SAM_B659D71AE168E774FAAF38DB30F4A84,0.010869565217391304
./MALWR/6FAA4740F99408D4D2DDDD0B09BBDEFD,./MALWR/TG78Z__727A6800991EEAD454E53E8AF164A99C,0.25
./MALWR/6FAA4740F99408D4D2DDDD0B09BBDEFD,./MALWR/VBMM9_149B7BD7218AAB4E257D28469FDDB0D,0.3333333333333333
./MALWR/6FAA4740F99408D4D2DDDD0B09BBDEFD,./MALWR/VC990_468FF2C12CFFC7E5B2FE0EE6BB3B239E,0.25
./MALWR/785003A405BC7A4EBCBB21DDB757BF3F,./MALWR/8442AE37B91F279A9F06DE4C60B286A3,0.6666666666666666
./MALWR/785003A405BC7A4EBCBB21DDB757BF3F,./MALWR/99A39866A657A10949FCB6D634BB30D5,1.0
./MALWR/785003A405BC7A4EBCBB21DDB757BF3F,./MALWR/A316D5AECA269CA865077E7FFF356E7D,1.0
./MALWR/785003A405BC7A4EBCBB21DDB757BF3F,./MALWR/AAAz2E1B6940985A23E5639450F8391820655,0.2
./MALWR/785003A405BC7A4EBCBB21DDB757BF3F,./MALWR/AL65_DB05DF0498B59B42A8E493CF3C10C578,0.2
./MALWR/785003A405BC7A4EBCBB21DDB757BF3F,./MALWR/B07322743778B5868475DBE66EEDAC4F,0.6666666666666666
./MALWR/785003A405BC7A4EBCBB21DDB757BF3F,./MALWR/B98hX8E8622C393D7E832D39E620EAD5D3B49,0.26666666666666666
./MALWR/785003A405BC7A4EBCBB21DDB757BF3F,./MALWR/BVJ2D9FBF759F527AF373E34673DC3ACA462,1.0
./MALWR/785003A405BC7A4EBCBB21DDB757BF3F,./MALWR/DS22_A670D13D4D014169C4080328B8FEB86,0.010869565217391304
./MALWR/785003A405BC7A4EBCBB21DDB757BF3F,./MALWR/EEE99EC8AA67B05407C01094184C33D2B5A44,0.6666666666666666
./MALWR/785003A405BC7A4EBCBB21DDB757BF3F,./MALWR/F6655E39465C2FF5B016980D918EA028,0.6666666666666666
./MALWR/785003A405BC7A4EBCBB21DDB757BF3F,./MALWR/F8437E44748D2C3FCF84019766F4E6DC,1.0
./MALWR/785003A405BC7A4EBCBB21DDB757BF3F,./MALWR/FGJKJJ1_2BA0D0083976A5C1E3315413CDCFFCD2,1.0
./MALWR/785003A405BC7A4EBCBB21DDB757BF3F,./MALWR/FGTR43_EF8E0FB20E7228C7492CCDC59D87C690,0.2
./MALWR/785003A405BC7A4EBCBB21DDB757BF3F,./MALWR/FHHH6576C196385407B0F7F4B1B537D88983,1.0
./MALWR/785003A405BC7A4EBCBB21DDB757BF3F,./MALWR/FTTR9EA3C16194CE354C244C1B74C46CD92E,0.6666666666666666
./MALWR/785003A405BC7A4EBCBB21DDB757BF3F,./MALWR/GBV66_8F259BB36E00D124963CFA9B86F502E,0.010869565217391304
./MALWR/785003A405BC7A4EBCBB21DDB757BF3F,./MALWR/GFT4_7DDD3D72EAD03C7518F5D47650C8572,0.010869565217391304
./MALWR/785003A405BC7A4EBCBB21DDB757BF3F,./MALWR/HJGQDD892986B2249B5214639ECC8AC0223,1.0
./MALWR/785003A405BC7A4EBCBB21DDB757BF3F,./MALWR/JH78C0A33A1B472A8C16123FD696A5CE5EBB,1.0
./MALWR/785003A405BC7A4EBCBB21DDB757BF3F,./MALWR/JKK8CA6FE7A1315AF5AFEAC2961460A80569,1.0
./MALWR/785003A405BC7A4EBCBB21DDB757BF3F,./MALWR/K99_C3A9A7B026BFE0E55FF219FD6AA7D94,0.010869565217391304
./MALWR/785003A405BC7A4EBCBB21DDB757BF3F,./MALWR/KLp90_6D5C8FC4B14559F73B6136D85B94198,0.010869565217391304
./MALWR/785003A405BC7A4EBCBB21DDB757BF3F,./MALWR/L11_1415EB8519D13328091CC5C76A624E3D,0.3333333333333333
./MALWR/785003A405BC7A4EBCBB21DDB757BF3F,./MALWR/NBV_8B75BCBFF174C25A0161F30758509A44,1.0
./MALWR/785003A405BC7A4EBCBB21DDB757BF3F,./MALWR/NV99_C9C9DBF388A8D81D8CFB4D3FC05F8E4,0.010869565217391304
./MALWR/785003A405BC7A4EBCBB21DDB757BF3F,./MALWR/PL98_BD8B082B7711BC980252F988BB0CA936,0.2
./MALWR/785003A405BC7A4EBCBB21DDB757BF3F,./MALWR/POL55_A4F1ECC4D25B33395196B5D51A06790,0.010869565217391304
./MALWR/785003A405BC7A4EBCBB21DDB757BF3F,./MALWR/QW2_4C6BDDCCA2695D6202DF38708E14FC7E,0.2
./MALWR/785003A405BC7A4EBCBB21DDB757BF3F,./MALWR/RTC_7F85D7F628CE62D1D8F7B39D8940472,0.3333333333333333
./MALWR/785003A405BC7A4EBCBB21DDB757BF3F,./MALWR/SAM_B659D71AE168E774FAAF38DB30F4A84,0.010869565217391304
./MALWR/785003A405BC7A4EBCBB21DDB757BF3F,./MALWR/TG78Z__727A6800991EEAD454E53E8AF164A99C,0.25
./MALWR/785003A405BC7A4EBCBB21DDB757BF3F,./MALWR/VBMM9_149B7BD7218AAB4E257D28469FDDB0D,0.3333333333333333
./MALWR/785003A405BC7A4EBCBB21DDB757BF3F,./MALWR/VC990_468FF2C12CFFC7E5B2FE0EE6BB3B239E,0.25
./MALWR/8442AE37B91F279A9F06DE4C60B286A3,./MALWR/99A39866A657A10949FCB6D634BB30D5,0.6666666666666666
./MALWR/8442AE37B91F279A9F06DE4C60B286A3,./MALWR/A316D5AECA269CA865077E7FFF356E7D,0.6666666666666666
./MALWR/8442AE37B91F279A9F06DE4C60B286A3,./MALWR/AAAz2E1B6940985A23E5639450F8391820655,0.21428571428571427
./MALWR/8442AE37B91F279A9F06DE4C60B286A3,./MALWR/AL65_DB05DF0498B59B42A8E493CF3C10C578,0.21428571428571427
./MALWR/8442AE37B91F279A9F06DE4C60B286A3,./MALWR/B07322743778B5868475DBE66EEDAC4F,1.0
./MALWR/8442AE37B91F279A9F06DE4C60B286A3,./MALWR/B98hX8E8622C393D7E832D39E620EAD5D3B49,0.38461538461538464
./MALWR/8442AE37B91F279A9F06DE4C60B286A3,./MALWR/BVJ2D9FBF759F527AF373E34673DC3ACA462,0.6666666666666666
./MALWR/8442AE37B91F279A9F06DE4C60B286A3,./MALWR/DS22_A670D13D4D014169C4080328B8FEB86,0.01098901098901099
./MALWR/8442AE37B91F279A9F06DE4C60B286A3,./MALWR/EEE99EC8AA67B05407C01094184C33D2B5A44,1.0
./MALWR/8442AE37B91F279A9F06DE4C60B286A3,./MALWR/F6655E39465C2FF5B016980D918EA028,1.0
./MALWR/8442AE37B91F279A9F06DE4C60B286A3,./MALWR/F8437E44748D2C3FCF84019766F4E6DC,0.6666666666666666
./MALWR/8442AE37B91F279A9F06DE4C60B286A3,./MALWR/FGJKJJ1_2BA0D0083976A5C1E3315413CDCFFCD2,0.6666666666666666
./MALWR/8442AE37B91F279A9F06DE4C60B286A3,./MALWR/FGTR43_EF8E0FB20E7228C7492CCDC59D87C690,0.21428571428571427
./MALWR/8442AE37B91F279A9F06DE4C60B286A3,./MALWR/FHHH6576C196385407B0F7F4B1B537D88983,0.6666666666666666
./MALWR/8442AE37B91F279A9F06DE4C60B286A3,./MALWR/FTTR9EA3C16194CE354C244C1B74C46CD92E,1.0
./MALWR/8442AE37B91F279A9F06DE4C60B286A3,./MALWR/GBV66_8F259BB36E00D124963CFA9B86F502E,0.01098901098901099
./MALWR/8442AE37B91F279A9F06DE4C60B286A3,./MALWR/GFT4_7DDD3D72EAD03C7518F5D47650C8572,0.01098901098901099
./MALWR/8442AE37B91F279A9F06DE4C60B286A3,./MALWR/HJGQDD892986B2249B5214639ECC8AC0223,0.6666666666666666
./MALWR/8442AE37B91F279A9F06DE4C60B286A3,./MALWR/JH78C0A33A1B472A8C16123FD696A5CE5EBB,0.6666666666666666
./MALWR/8442AE37B91F279A9F06DE4C60B286A3,./MALWR/JKK8CA6FE7A1315AF5AFEAC2961460A80569,0.6666666666666666
./MALWR/8442AE37B91F279A9F06DE4C60B286A3,./MALWR/K99_C3A9A7B026BFE0E55FF219FD6AA7D94,0.01098901098901099
./MALWR/8442AE37B91F279A9F06DE4C60B286A3,./MALWR/KLp90_6D5C8FC4B14559F73B6136D85B94198,0.01098901098901099
./MALWR/8442AE37B91F279A9F06DE4C60B286A3,./MALWR/L11_1415EB8519D13328091CC5C76A624E3D,0.36363636363636365
./MALWR/8442AE37B91F279A9F06DE4C60B286A3,./MALWR/NBV_8B75BCBFF174C25A0161F30758509A44,0.6666666666666666
./MALWR/8442AE37B91F279A9F06DE4C60B286A3,./MALWR/NV99_C9C9DBF388A8D81D8CFB4D3FC05F8E4,0.01098901098901099
./MALWR/8442AE37B91F279A9F06DE4C60B286A3,./MALWR/PL98_BD8B082B7711BC980252F988BB0CA936,0.21428571428571427
./MALWR/8442AE37B91F279A9F06DE4C60B286A3,./MALWR/POL55_A4F1ECC4D25B33395196B5D51A06790,0.01098901098901099
./MALWR/8442AE37B91F279A9F06DE4C60B286A3,./MALWR/QW2_4C6BDDCCA2695D6202DF38708E14FC7E,0.21428571428571427
./MALWR/8442AE37B91F279A9F06DE4C60B286A3,./MALWR/RTC_7F85D7F628CE62D1D8F7B39D8940472,0.36363636363636365
./MALWR/8442AE37B91F279A9F06DE4C60B286A3,./MALWR/SAM_B659D71AE168E774FAAF38DB30F4A84,0.01098901098901099
./MALWR/8442AE37B91F279A9F06DE4C60B286A3,./MALWR/TG78Z__727A6800991EEAD454E53E8AF164A99C,0.26666666666666666
./MALWR/8442AE37B91F279A9F06DE4C60B286A3,./MALWR/VBMM9_149B7BD7218AAB4E257D28469FDDB0D,0.36363636363636365
./MALWR/8442AE37B91F279A9F06DE4C60B286A3,./MALWR/VC990_468FF2C12CFFC7E5B2FE0EE6BB3B239E,0.26666666666666666
./MALWR/99A39866A657A10949FCB6D634BB30D5,./MALWR/A316D5AECA269CA865077E7FFF356E7D,1.0
./MALWR/99A39866A657A10949FCB6D634BB30D5,./MALWR/AAAz2E1B6940985A23E5639450F8391820655,0.2
./MALWR/99A39866A657A10949FCB6D634BB30D5,./MALWR/AL65_DB05DF0498B59B42A8E493CF3C10C578,0.2
./MALWR/99A39866A657A10949FCB6D634BB30D5,./MALWR/B07322743778B5868475DBE66EEDAC4F,0.6666666666666666
./MALWR/99A39866A657A10949FCB6D634BB30D5,./MALWR/B98hX8E8622C393D7E832D39E620EAD5D3B49,0.26666666666666666
./MALWR/99A39866A657A10949FCB6D634BB30D5,./MALWR/BVJ2D9FBF759F527AF373E34673DC3ACA462,1.0
./MALWR/99A39866A657A10949FCB6D634BB30D5,./MALWR/DS22_A670D13D4D014169C4080328B8FEB86,0.010869565217391304
./MALWR/99A39866A657A10949FCB6D634BB30D5,./MALWR/EEE99EC8AA67B05407C01094184C33D2B5A44,0.6666666666666666
./MALWR/99A39866A657A10949FCB6D634BB30D5,./MALWR/F6655E39465C2FF5B016980D918EA028,0.6666666666666666
./MALWR/99A39866A657A10949FCB6D634BB30D5,./MALWR/F8437E44748D2C3FCF84019766F4E6DC,1.0
./MALWR/99A39866A657A10949FCB6D634BB30D5,./MALWR/FGJKJJ1_2BA0D0083976A5C1E3315413CDCFFCD2,1.0
./MALWR/99A39866A657A10949FCB6D634BB30D5,./MALWR/FGTR43_EF8E0FB20E7228C7492CCDC59D87C690,0.2
./MALWR/99A39866A657A10949FCB6D634BB30D5,./MALWR/FHHH6576C196385407B0F7F4B1B537D88983,1.0
./MALWR/99A39866A657A10949FCB6D634BB30D5,./MALWR/FTTR9EA3C16194CE354C244C1B74C46CD92E,0.6666666666666666
./MALWR/99A39866A657A10949FCB6D634BB30D5,./MALWR/GBV66_8F259BB36E00D124963CFA9B86F502E,0.010869565217391304
./MALWR/99A39866A657A10949FCB6D634BB30D5,./MALWR/GFT4_7DDD3D72EAD03C7518F5D47650C8572,0.010869565217391304
./MALWR/99A39866A657A10949FCB6D634BB30D5,./MALWR/HJGQDD892986B2249B5214639ECC8AC0223,1.0
./MALWR/99A39866A657A10949FCB6D634BB30D5,./MALWR/JH78C0A33A1B472A8C16123FD696A5CE5EBB,1.0
./MALWR/99A39866A657A10949FCB6D634BB30D5,./MALWR/JKK8CA6FE7A1315AF5AFEAC2961460A80569,1.0
./MALWR/99A39866A657A10949FCB6D634BB30D5,./MALWR/K99_C3A9A7B026BFE0E55FF219FD6AA7D94,0.010869565217391304
./MALWR/99A39866A657A10949FCB6D634BB30D5,./MALWR/KLp90_6D5C8FC4B14559F73B6136D85B94198,0.010869565217391304
./MALWR/99A39866A657A10949FCB6D634BB30D5,./MALWR/L11_1415EB8519D13328091CC5C76A624E3D,0.3333333333333333
./MALWR/99A39866A657A10949FCB6D634BB30D5,./MALWR/NBV_8B75BCBFF174C25A0161F30758509A44,1.0
./MALWR/99A39866A657A10949FCB6D634BB30D5,./MALWR/NV99_C9C9DBF388A8D81D8CFB4D3FC05F8E4,0.010869565217391304
./MALWR/99A39866A657A10949FCB6D634BB30D5,./MALWR/PL98_BD8B082B7711BC980252F988BB0CA936,0.2
./MALWR/99A39866A657A10949FCB6D634BB30D5,./MALWR/POL55_A4F1ECC4D25B33395196B5D51A06790,0.010869565217391304
./MALWR/99A39866A657A10949FCB6D634BB30D5,./MALWR/QW2_4C6BDDCCA2695D6202DF38708E14FC7E,0.2
./MALWR/99A39866A657A10949FCB6D634BB30D5,./MALWR/RTC_7F85D7F628CE62D1D8F7B39D8940472,0.3333333333333333
./MALWR/99A39866A657A10949FCB6D634BB30D5,./MALWR/SAM_B659D71AE168E774FAAF38DB30F4A84,0.010869565217391304
./MALWR/99A39866A657A10949FCB6D634BB30D5,./MALWR/TG78Z__727A6800991EEAD454E53E8AF164A99C,0.25
./MALWR/99A39866A657A10949FCB6D634BB30D5,./MALWR/VBMM9_149B7BD7218AAB4E257D28469FDDB0D,0.3333333333333333
./MALWR/99A39866A657A10949FCB6D634BB30D5,./MALWR/VC990_468FF2C12CFFC7E5B2FE0EE6BB3B239E,0.25
./MALWR/A316D5AECA269CA865077E7FFF356E7D,./MALWR/AAAz2E1B6940985A23E5639450F8391820655,0.2
./MALWR/A316D5AECA269CA865077E7FFF356E7D,./MALWR/AL65_DB05DF0498B59B42A8E493CF3C10C578,0.2
./MALWR/A316D5AECA269CA865077E7FFF356E7D,./MALWR/B07322743778B5868475DBE66EEDAC4F,0.6666666666666666
./MALWR/A316D5AECA269CA865077E7FFF356E7D,./MALWR/B98hX8E8622C393D7E832D39E620EAD5D3B49,0.26666666666666666
./MALWR/A316D5AECA269CA865077E7FFF356E7D,./MALWR/BVJ2D9FBF759F527AF373E34673DC3ACA462,1.0
./MALWR/A316D5AECA269CA865077E7FFF356E7D,./MALWR/DS22_A670D13D4D014169C4080328B8FEB86,0.010869565217391304
./MALWR/A316D5AECA269CA865077E7FFF356E7D,./MALWR/EEE99EC8AA67B05407C01094184C33D2B5A44,0.6666666666666666
./MALWR/A316D5AECA269CA865077E7FFF356E7D,./MALWR/F6655E39465C2FF5B016980D918EA028,0.6666666666666666
./MALWR/A316D5AECA269CA865077E7FFF356E7D,./MALWR/F8437E44748D2C3FCF84019766F4E6DC,1.0
./MALWR/A316D5AECA269CA865077E7FFF356E7D,./MALWR/FGJKJJ1_2BA0D0083976A5C1E3315413CDCFFCD2,1.0
./MALWR/A316D5AECA269CA865077E7FFF356E7D,./MALWR/FGTR43_EF8E0FB20E7228C7492CCDC59D87C690,0.2
./MALWR/A316D5AECA269CA865077E7FFF356E7D,./MALWR/FHHH6576C196385407B0F7F4B1B537D88983,1.0
./MALWR/A316D5AECA269CA865077E7FFF356E7D,./MALWR/FTTR9EA3C16194CE354C244C1B74C46CD92E,0.6666666666666666
./MALWR/A316D5AECA269CA865077E7FFF356E7D,./MALWR/GBV66_8F259BB36E00D124963CFA9B86F502E,0.010869565217391304
./MALWR/A316D5AECA269CA865077E7FFF356E7D,./MALWR/GFT4_7DDD3D72EAD03C7518F5D47650C8572,0.010869565217391304
./MALWR/A316D5AECA269CA865077E7FFF356E7D,./MALWR/HJGQDD892986B2249B5214639ECC8AC0223,1.0
./MALWR/A316D5AECA269CA865077E7FFF356E7D,./MALWR/JH78C0A33A1B472A8C16123FD696A5CE5EBB,1.0
./MALWR/A316D5AECA269CA865077E7FFF356E7D,./MALWR/JKK8CA6FE7A1315AF5AFEAC2961460A80569,1.0
./MALWR/A316D5AECA269CA865077E7FFF356E7D,./MALWR/K99_C3A9A7B026BFE0E55FF219FD6AA7D94,0.010869565217391304
./MALWR/A316D5AECA269CA865077E7FFF356E7D,./MALWR/KLp90_6D5C8FC4B14559F73B6136D85B94198,0.010869565217391304
./MALWR/A316D5AECA269CA865077E7FFF356E7D,./MALWR/L11_1415EB8519D13328091CC5C76A624E3D,0.3333333333333333
./MALWR/A316D5AECA269CA865077E7FFF356E7D,./MALWR/NBV_8B75BCBFF174C25A0161F30758509A44,1.0
./MALWR/A316D5AECA269CA865077E7FFF356E7D,./MALWR/NV99_C9C9DBF388A8D81D8CFB4D3FC05F8E4,0.010869565217391304
./MALWR/A316D5AECA269CA865077E7FFF356E7D,./MALWR/PL98_BD8B082B7711BC980252F988BB0CA936,0.2
./MALWR/A316D5AECA269CA865077E7FFF356E7D,./MALWR/POL55_A4F1ECC4D25B33395196B5D51A06790,0.010869565217391304
./MALWR/A316D5AECA269CA865077E7FFF356E7D,./MALWR/QW2_4C6BDDCCA2695D6202DF38708E14FC7E,0.2
./MALWR/A316D5AECA269CA865077E7FFF356E7D,./MALWR/RTC_7F85D7F628CE62D1D8F7B39D8940472,0.3333333333333333
./MALWR/A316D5AECA269CA865077E7FFF356E7D,./MALWR/SAM_B659D71AE168E774FAAF38DB30F4A84,0.010869565217391304
./MALWR/A316D5AECA269CA865077E7FFF356E7D,./MALWR/TG78Z__727A6800991EEAD454E53E8AF164A99C,0.25
./MALWR/A316D5AECA269CA865077E7FFF356E7D,./MALWR/VBMM9_149B7BD7218AAB4E257D28469FDDB0D,0.3333333333333333
./MALWR/A316D5AECA269CA865077E7FFF356E7D,./MALWR/VC990_468FF2C12CFFC7E5B2FE0EE6BB3B239E,0.25
./MALWR/AAAz2E1B6940985A23E5639450F8391820655,./MALWR/AL65_DB05DF0498B59B42A8E493CF3C10C578,1.0
./MALWR/AAAz2E1B6940985A23E5639450F8391820655,./MALWR/B07322743778B5868475DBE66EEDAC4F,0.21428571428571427
./MALWR/AAAz2E1B6940985A23E5639450F8391820655,./MALWR/B98hX8E8622C393D7E832D39E620EAD5D3B49,0.5
./MALWR/AAAz2E1B6940985A23E5639450F8391820655,./MALWR/BVJ2D9FBF759F527AF373E34673DC3ACA462,0.2
./MALWR/AAAz2E1B6940985A23E5639450F8391820655,./MALWR/DS22_A670D13D4D014169C4080328B8FEB86,0.010638297872340425
./MALWR/AAAz2E1B6940985A23E5639450F8391820655,./MALWR/EEE99EC8AA67B05407C01094184C33D2B5A44,0.21428571428571427
./MALWR/AAAz2E1B6940985A23E5639450F8391820655,./MALWR/F6655E39465C2FF5B016980D918EA028,0.21428571428571427
./MALWR/AAAz2E1B6940985A23E5639450F8391820655,./MALWR/F8437E44748D2C3FCF84019766F4E6DC,0.2
./MALWR/AAAz2E1B6940985A23E5639450F8391820655,./MALWR/FGJKJJ1_2BA0D0083976A5C1E3315413CDCFFCD2,0.2
./MALWR/AAAz2E1B6940985A23E5639450F8391820655,./MALWR/FGTR43_EF8E0FB20E7228C7492CCDC59D87C690,0.5384615384615384
./MALWR/AAAz2E1B6940985A23E5639450F8391820655,./MALWR/FHHH6576C196385407B0F7F4B1B537D88983,0.2
./MALWR/AAAz2E1B6940985A23E5639450F8391820655,./MALWR/FTTR9EA3C16194CE354C244C1B74C46CD92E,0.21428571428571427
./MALWR/AAAz2E1B6940985A23E5639450F8391820655,./MALWR/GBV66_8F259BB36E00D124963CFA9B86F502E,0.010638297872340425
./MALWR/AAAz2E1B6940985A23E5639450F8391820655,./MALWR/GFT4_7DDD3D72EAD03C7518F5D47650C8572,0.010638297872340425
./MALWR/AAAz2E1B6940985A23E5639450F8391820655,./MALWR/HJGQDD892986B2249B5214639ECC8AC0223,0.2
./MALWR/AAAz2E1B6940985A23E5639450F8391820655,./MALWR/JH78C0A33A1B472A8C16123FD696A5CE5EBB,0.2
./MALWR/AAAz2E1B6940985A23E5639450F8391820655,./MALWR/JKK8CA6FE7A1315AF5AFEAC2961460A80569,0.2
./MALWR/AAAz2E1B6940985A23E5639450F8391820655,./MALWR/K99_C3A9A7B026BFE0E55FF219FD6AA7D94,0.010638297872340425
./MALWR/AAAz2E1B6940985A23E5639450F8391820655,./MALWR/KLp90_6D5C8FC4B14559F73B6136D85B94198,0.010638297872340425
./MALWR/AAAz2E1B6940985A23E5639450F8391820655,./MALWR/L11_1415EB8519D13328091CC5C76A624E3D,0.2
./MALWR/AAAz2E1B6940985A23E5639450F8391820655,./MALWR/NBV_8B75BCBFF174C25A0161F30758509A44,0.2
./MALWR/AAAz2E1B6940985A23E5639450F8391820655,./MALWR/NV99_C9C9DBF388A8D81D8CFB4D3FC05F8E4,0.010638297872340425
./MALWR/AAAz2E1B6940985A23E5639450F8391820655,./MALWR/PL98_BD8B082B7711BC980252F988BB0CA936,1.0
./MALWR/AAAz2E1B6940985A23E5639450F8391820655,./MALWR/POL55_A4F1ECC4D25B33395196B5D51A06790,0.010638297872340425
./MALWR/AAAz2E1B6940985A23E5639450F8391820655,./MALWR/QW2_4C6BDDCCA2695D6202DF38708E14FC7E,0.5384615384615384
./MALWR/AAAz2E1B6940985A23E5639450F8391820655,./MALWR/RTC_7F85D7F628CE62D1D8F7B39D8940472,0.2
./MALWR/AAAz2E1B6940985A23E5639450F8391820655,./MALWR/SAM_B659D71AE168E774FAAF38DB30F4A84,0.010638297872340425
./MALWR/AAAz2E1B6940985A23E5639450F8391820655,./MALWR/TG78Z__727A6800991EEAD454E53E8AF164A99C,0.6923076923076923
./MALWR/AAAz2E1B6940985A23E5639450F8391820655,./MALWR/VBMM9_149B7BD7218AAB4E257D28469FDDB0D,0.2
./MALWR/AAAz2E1B6940985A23E5639450F8391820655,./MALWR/VC990_468FF2C12CFFC7E5B2FE0EE6BB3B239E,0.6923076923076923
./MALWR/AL65_DB05DF0498B59B42A8E493CF3C10C578,./MALWR/B07322743778B5868475DBE66EEDAC4F,0.21428571428571427
./MALWR/AL65_DB05DF0498B59B42A8E493CF3C10C578,./MALWR/B98hX8E8622C393D7E832D39E620EAD5D3B49,0.5
./MALWR/AL65_DB05DF0498B59B42A8E493CF3C10C578,./MALWR/BVJ2D9FBF759F527AF373E34673DC3ACA462,0.2
./MALWR/AL65_DB05DF0498B59B42A8E493CF3C10C578,./MALWR/DS22_A670D13D4D014169C4080328B8FEB86,0.010638297872340425
./MALWR/AL65_DB05DF0498B59B42A8E493CF3C10C578,./MALWR/EEE99EC8AA67B05407C01094184C33D2B5A44,0.21428571428571427
./MALWR/AL65_DB05DF0498B59B42A8E493CF3C10C578,./MALWR/F6655E39465C2FF5B016980D918EA028,0.21428571428571427
./MALWR/AL65_DB05DF0498B59B42A8E493CF3C10C578,./MALWR/F8437E44748D2C3FCF84019766F4E6DC,0.2
./MALWR/AL65_DB05DF0498B59B42A8E493CF3C10C578,./MALWR/FGJKJJ1_2BA0D0083976A5C1E3315413CDCFFCD2,0.2
./MALWR/AL65_DB05DF0498B59B42A8E493CF3C10C578,./MALWR/FGTR43_EF8E0FB20E7228C7492CCDC59D87C690,0.5384615384615384
./MALWR/AL65_DB05DF0498B59B42A8E493CF3C10C578,./MALWR/FHHH6576C196385407B0F7F4B1B537D88983,0.2
./MALWR/AL65_DB05DF0498B59B42A8E493CF3C10C578,./MALWR/FTTR9EA3C16194CE354C244C1B74C46CD92E,0.21428571428571427
./MALWR/AL65_DB05DF0498B59B42A8E493CF3C10C578,./MALWR/GBV66_8F259BB36E00D124963CFA9B86F502E,0.010638297872340425
./MALWR/AL65_DB05DF0498B59B42A8E493CF3C10C578,./MALWR/GFT4_7DDD3D72EAD03C7518F5D47650C8572,0.010638297872340425
./MALWR/AL65_DB05DF0498B59B42A8E493CF3C10C578,./MALWR/HJGQDD892986B2249B5214639ECC8AC0223,0.2
./MALWR/AL65_DB05DF0498B59B42A8E493CF3C10C578,./MALWR/JH78C0A33A1B472A8C16123FD696A5CE5EBB,0.2
./MALWR/AL65_DB05DF0498B59B42A8E493CF3C10C578,./MALWR/JKK8CA6FE7A1315AF5AFEAC2961460A80569,0.2
./MALWR/AL65_DB05DF0498B59B42A8E493CF3C10C578,./MALWR/K99_C3A9A7B026BFE0E55FF219FD6AA7D94,0.010638297872340425
./MALWR/AL65_DB05DF0498B59B42A8E493CF3C10C578,./MALWR/KLp90_6D5C8FC4B14559F73B6136D85B94198,0.010638297872340425
./MALWR/AL65_DB05DF0498B59B42A8E493CF3C10C578,./MALWR/L11_1415EB8519D13328091CC5C76A624E3D,0.2
./MALWR/AL65_DB05DF0498B59B42A8E493CF3C10C578,./MALWR/NBV_8B75BCBFF174C25A0161F30758509A44,0.2
./MALWR/AL65_DB05DF0498B59B42A8E493CF3C10C578,./MALWR/NV99_C9C9DBF388A8D81D8CFB4D3FC05F8E4,0.010638297872340425
./MALWR/AL65_DB05DF0498B59B42A8E493CF3C10C578,./MALWR/PL98_BD8B082B7711BC980252F988BB0CA936,1.0
./MALWR/AL65_DB05DF0498B59B42A8E493CF3C10C578,./MALWR/POL55_A4F1ECC4D25B33395196B5D51A06790,0.010638297872340425
./MALWR/AL65_DB05DF0498B59B42A8E493CF3C10C578,./MALWR/QW2_4C6BDDCCA2695D6202DF38708E14FC7E,0.5384615384615384
./MALWR/AL65_DB05DF0498B59B42A8E493CF3C10C578,./MALWR/RTC_7F85D7F628CE62D1D8F7B39D8940472,0.2
./MALWR/AL65_DB05DF0498B59B42A8E493CF3C10C578,./MALWR/SAM_B659D71AE168E774FAAF38DB30F4A84,0.010638297872340425
./MALWR/AL65_DB05DF0498B59B42A8E493CF3C10C578,./MALWR/TG78Z__727A6800991EEAD454E53E8AF164A99C,0.6923076923076923
./MALWR/AL65_DB05DF0498B59B42A8E493CF3C10C578,./MALWR/VBMM9_149B7BD7218AAB4E257D28469FDDB0D,0.2
./MALWR/AL65_DB05DF0498B59B42A8E493CF3C10C578,./MALWR/VC990_468FF2C12CFFC7E5B2FE0EE6BB3B239E,0.6923076923076923
./MALWR/B07322743778B5868475DBE66EEDAC4F,./MALWR/B98hX8E8622C393D7E832D39E620EAD5D3B49,0.38461538461538464
./MALWR/B07322743778B5868475DBE66EEDAC4F,./MALWR/BVJ2D9FBF759F527AF373E34673DC3ACA462,0.6666666666666666
./MALWR/B07322743778B5868475DBE66EEDAC4F,./MALWR/DS22_A670D13D4D014169C4080328B8FEB86,0.01098901098901099
./MALWR/B07322743778B5868475DBE66EEDAC4F,./MALWR/EEE99EC8AA67B05407C01094184C33D2B5A44,1.0
./MALWR/B07322743778B5868475DBE66EEDAC4F,./MALWR/F6655E39465C2FF5B016980D918EA028,1.0
./MALWR/B07322743778B5868475DBE66EEDAC4F,./MALWR/F8437E44748D2C3FCF84019766F4E6DC,0.6666666666666666
./MALWR/B07322743778B5868475DBE66EEDAC4F,./MALWR/FGJKJJ1_2BA0D0083976A5C1E3315413CDCFFCD2,0.6666666666666666
./MALWR/B07322743778B5868475DBE66EEDAC4F,./MALWR/FGTR43_EF8E0FB20E7228C7492CCDC59D87C690,0.21428571428571427
./MALWR/B07322743778B5868475DBE66EEDAC4F,./MALWR/FHHH6576C196385407B0F7F4B1B537D88983,0.6666666666666666
./MALWR/B07322743778B5868475DBE66EEDAC4F,./MALWR/FTTR9EA3C16194CE354C244C1B74C46CD92E,1.0
./MALWR/B07322743778B5868475DBE66EEDAC4F,./MALWR/GBV66_8F259BB36E00D124963CFA9B86F502E,0.01098901098901099
./MALWR/B07322743778B5868475DBE66EEDAC4F,./MALWR/GFT4_7DDD3D72EAD03C7518F5D47650C8572,0.01098901098901099
./MALWR/B07322743778B5868475DBE66EEDAC4F,./MALWR/HJGQDD892986B2249B5214639ECC8AC0223,0.6666666666666666
./MALWR/B07322743778B5868475DBE66EEDAC4F,./MALWR/JH78C0A33A1B472A8C16123FD696A5CE5EBB,0.6666666666666666
./MALWR/B07322743778B5868475DBE66EEDAC4F,./MALWR/JKK8CA6FE7A1315AF5AFEAC2961460A80569,0.6666666666666666
./MALWR/B07322743778B5868475DBE66EEDAC4F,./MALWR/K99_C3A9A7B026BFE0E55FF219FD6AA7D94,0.01098901098901099
./MALWR/B07322743778B5868475DBE66EEDAC4F,./MALWR/KLp90_6D5C8FC4B14559F73B6136D85B94198,0.01098901098901099
./MALWR/B07322743778B5868475DBE66EEDAC4F,./MALWR/L11_1415EB8519D13328091CC5C76A624E3D,0.36363636363636365
./MALWR/B07322743778B5868475DBE66EEDAC4F,./MALWR/NBV_8B75BCBFF174C25A0161F30758509A44,0.6666666666666666
./MALWR/B07322743778B5868475DBE66EEDAC4F,./MALWR/NV99_C9C9DBF388A8D81D8CFB4D3FC05F8E4,0.01098901098901099
./MALWR/B07322743778B5868475DBE66EEDAC4F,./MALWR/PL98_BD8B082B7711BC980252F988BB0CA936,0.21428571428571427
./MALWR/B07322743778B5868475DBE66EEDAC4F,./MALWR/POL55_A4F1ECC4D25B33395196B5D51A06790,0.01098901098901099
./MALWR/B07322743778B5868475DBE66EEDAC4F,./MALWR/QW2_4C6BDDCCA2695D6202DF38708E14FC7E,0.21428571428571427
./MALWR/B07322743778B5868475DBE66EEDAC4F,./MALWR/RTC_7F85D7F628CE62D1D8F7B39D8940472,0.36363636363636365
./MALWR/B07322743778B5868475DBE66EEDAC4F,./MALWR/SAM_B659D71AE168E774FAAF38DB30F4A84,0.01098901098901099
./MALWR/B07322743778B5868475DBE66EEDAC4F,./MALWR/TG78Z__727A6800991EEAD454E53E8AF164A99C,0.26666666666666666
./MALWR/B07322743778B5868475DBE66EEDAC4F,./MALWR/VBMM9_149B7BD7218AAB4E257D28469FDDB0D,0.36363636363636365
./MALWR/B07322743778B5868475DBE66EEDAC4F,./MALWR/VC990_468FF2C12CFFC7E5B2FE0EE6BB3B239E,0.26666666666666666
./MALWR/B98hX8E8622C393D7E832D39E620EAD5D3B49,./MALWR/BVJ2D9FBF759F527AF373E34673DC3ACA462,0.26666666666666666
./MALWR/B98hX8E8622C393D7E832D39E620EAD5D3B49,./MALWR/DS22_A670D13D4D014169C4080328B8FEB86,0.0
./MALWR/B98hX8E8622C393D7E832D39E620EAD5D3B49,./MALWR/EEE99EC8AA67B05407C01094184C33D2B5A44,0.38461538461538464
./MALWR/B98hX8E8622C393D7E832D39E620EAD5D3B49,./MALWR/F6655E39465C2FF5B016980D918EA028,0.38461538461538464
./MALWR/B98hX8E8622C393D7E832D39E620EAD5D3B49,./MALWR/F8437E44748D2C3FCF84019766F4E6DC,0.26666666666666666
./MALWR/B98hX8E8622C393D7E832D39E620EAD5D3B49,./MALWR/FGJKJJ1_2BA0D0083976A5C1E3315413CDCFFCD2,0.26666666666666666
./MALWR/B98hX8E8622C393D7E832D39E620EAD5D3B49,./MALWR/FGTR43_EF8E0FB20E7228C7492CCDC59D87C690,0.75
./MALWR/B98hX8E8622C393D7E832D39E620EAD5D3B49,./MALWR/FHHH6576C196385407B0F7F4B1B537D88983,0.26666666666666666
./MALWR/B98hX8E8622C393D7E832D39E620EAD5D3B49,./MALWR/FTTR9EA3C16194CE354C244C1B74C46CD92E,0.38461538461538464
./MALWR/B98hX8E8622C393D7E832D39E620EAD5D3B49,./MALWR/GBV66_8F259BB36E00D124963CFA9B86F502E,0.0
./MALWR/B98hX8E8622C393D7E832D39E620EAD5D3B49,./MALWR/GFT4_7DDD3D72EAD03C7518F5D47650C8572,0.0
./MALWR/B98hX8E8622C393D7E832D39E620EAD5D3B49,./MALWR/HJGQDD892986B2249B5214639ECC8AC0223,0.26666666666666666
./MALWR/B98hX8E8622C393D7E832D39E620EAD5D3B49,./MALWR/JH78C0A33A1B472A8C16123FD696A5CE5EBB,0.26666666666666666
./MALWR/B98hX8E8622C393D7E832D39E620EAD5D3B49,./MALWR/JKK8CA6FE7A1315AF5AFEAC2961460A80569,0.26666666666666666
./MALWR/B98hX8E8622C393D7E832D39E620EAD5D3B49,./MALWR/K99_C3A9A7B026BFE0E55FF219FD6AA7D94,0.0
./MALWR/B98hX8E8622C393D7E832D39E620EAD5D3B49,./MALWR/KLp90_6D5C8FC4B14559F73B6136D85B94198,0.0
./MALWR/B98hX8E8622C393D7E832D39E620EAD5D3B49,./MALWR/L11_1415EB8519D13328091CC5C76A624E3D,0.35714285714285715
./MALWR/B98hX8E8622C393D7E832D39E620EAD5D3B49,./MALWR/NBV_8B75BCBFF174C25A0161F30758509A44,0.26666666666666666
./MALWR/B98hX8E8622C393D7E832D39E620EAD5D3B49,./MALWR/NV99_C9C9DBF388A8D81D8CFB4D3FC05F8E4,0.0
./MALWR/B98hX8E8622C393D7E832D39E620EAD5D3B49,./MALWR/PL98_BD8B082B7711BC980252F988BB0CA936,0.5
./MALWR/B98hX8E8622C393D7E832D39E620EAD5D3B49,./MALWR/POL55_A4F1ECC4D25B33395196B5D51A06790,0.0
./MALWR/B98hX8E8622C393D7E832D39E620EAD5D3B49,./MALWR/QW2_4C6BDDCCA2695D6202DF38708E14FC7E,0.75
./MALWR/B98hX8E8622C393D7E832D39E620EAD5D3B49,./MALWR/RTC_7F85D7F628CE62D1D8F7B39D8940472,0.35714285714285715
./MALWR/B98hX8E8622C393D7E832D39E620EAD5D3B49,./MALWR/SAM_B659D71AE168E774FAAF38DB30F4A84,0.0
./MALWR/B98hX8E8622C393D7E832D39E620EAD5D3B49,./MALWR/TG78Z__727A6800991EEAD454E53E8AF164A99C,0.6428571428571429
./MALWR/B98hX8E8622C393D7E832D39E620EAD5D3B49,./MALWR/VBMM9_149B7BD7218AAB4E257D28469FDDB0D,0.35714285714285715
./MALWR/B98hX8E8622C393D7E832D39E620EAD5D3B49,./MALWR/VC990_468FF2C12CFFC7E5B2FE0EE6BB3B239E,0.6428571428571429
./MALWR/BVJ2D9FBF759F527AF373E34673DC3ACA462,./MALWR/DS22_A670D13D4D014169C4080328B8FEB86,0.010869565217391304
./MALWR/BVJ2D9FBF759F527AF373E34673DC3ACA462,./MALWR/EEE99EC8AA67B05407C01094184C33D2B5A44,0.6666666666666666
./MALWR/BVJ2D9FBF759F527AF373E34673DC3ACA462,./MALWR/F6655E39465C2FF5B016980D918EA028,0.6666666666666666
./MALWR/BVJ2D9FBF759F527AF373E34673DC3ACA462,./MALWR/F8437E44748D2C3FCF84019766F4E6DC,1.0
./MALWR/BVJ2D9FBF759F527AF373E34673DC3ACA462,./MALWR/FGJKJJ1_2BA0D0083976A5C1E3315413CDCFFCD2,1.0
./MALWR/BVJ2D9FBF759F527AF373E34673DC3ACA462,./MALWR/FGTR43_EF8E0FB20E7228C7492CCDC59D87C690,0.2
./MALWR/BVJ2D9FBF759F527AF373E34673DC3ACA462,./MALWR/FHHH6576C196385407B0F7F4B1B537D88983,1.0
./MALWR/BVJ2D9FBF759F527AF373E34673DC3ACA462,./MALWR/FTTR9EA3C16194CE354C244C1B74C46CD92E,0.6666666666666666
./MALWR/BVJ2D9FBF759F527AF373E34673DC3ACA462,./MALWR/GBV66_8F259BB36E00D124963CFA9B86F502E,0.010869565217391304
./MALWR/BVJ2D9FBF759F527AF373E34673DC3ACA462,./MALWR/GFT4_7DDD3D72EAD03C7518F5D47650C8572,0.010869565217391304
./MALWR/BVJ2D9FBF759F527AF373E34673DC3ACA462,./MALWR/HJGQDD892986B2249B5214639ECC8AC0223,1.0
./MALWR/BVJ2D9FBF759F527AF373E34673DC3ACA462,./MALWR/JH78C0A33A1B472A8C16123FD696A5CE5EBB,1.0
./MALWR/BVJ2D9FBF759F527AF373E34673DC3ACA462,./MALWR/JKK8CA6FE7A1315AF5AFEAC2961460A80569,1.0
./MALWR/BVJ2D9FBF759F527AF373E34673DC3ACA462,./MALWR/K99_C3A9A7B026BFE0E55FF219FD6AA7D94,0.010869565217391304
./MALWR/BVJ2D9FBF759F527AF373E34673DC3ACA462,./MALWR/KLp90_6D5C8FC4B14559F73B6136D85B94198,0.010869565217391304
./MALWR/BVJ2D9FBF759F527AF373E34673DC3ACA462,./MALWR/L11_1415EB8519D13328091CC5C76A624E3D,0.3333333333333333
./MALWR/BVJ2D9FBF759F527AF373E34673DC3ACA462,./MALWR/NBV_8B75BCBFF174C25A0161F30758509A44,1.0
./MALWR/BVJ2D9FBF759F527AF373E34673DC3ACA462,./MALWR/NV99_C9C9DBF388A8D81D8CFB4D3FC05F8E4,0.010869565217391304
./MALWR/BVJ2D9FBF759F527AF373E34673DC3ACA462,./MALWR/PL98_BD8B082B7711BC980252F988BB0CA936,0.2
./MALWR/BVJ2D9FBF759F527AF373E34673DC3ACA462,./MALWR/POL55_A4F1ECC4D25B33395196B5D51A06790,0.010869565217391304
./MALWR/BVJ2D9FBF759F527AF373E34673DC3ACA462,./MALWR/QW2_4C6BDDCCA2695D6202DF38708E14FC7E,0.2
./MALWR/BVJ2D9FBF759F527AF373E34673DC3ACA462,./MALWR/RTC_7F85D7F628CE62D1D8F7B39D8940472,0.3333333333333333
./MALWR/BVJ2D9FBF759F527AF373E34673DC3ACA462,./MALWR/SAM_B659D71AE168E774FAAF38DB30F4A84,0.010869565217391304
./MALWR/BVJ2D9FBF759F527AF373E34673DC3ACA462,./MALWR/TG78Z__727A6800991EEAD454E53E8AF164A99C,0.25
./MALWR/BVJ2D9FBF759F527AF373E34673DC3ACA462,./MALWR/VBMM9_149B7BD7218AAB4E257D28469FDDB0D,0.3333333333333333
./MALWR/BVJ2D9FBF759F527AF373E34673DC3ACA462,./MALWR/VC990_468FF2C12CFFC7E5B2FE0EE6BB3B239E,0.25
./MALWR/DS22_A670D13D4D014169C4080328B8FEB86,./MALWR/EEE99EC8AA67B05407C01094184C33D2B5A44,0.01098901098901099
./MALWR/DS22_A670D13D4D014169C4080328B8FEB86,./MALWR/F6655E39465C2FF5B016980D918EA028,0.01098901098901099
./MALWR/DS22_A670D13D4D014169C4080328B8FEB86,./MALWR/F8437E44748D2C3FCF84019766F4E6DC,0.010869565217391304
./MALWR/DS22_A670D13D4D014169C4080328B8FEB86,./MALWR/FGJKJJ1_2BA0D0083976A5C1E3315413CDCFFCD2,0.010869565217391304
./MALWR/DS22_A670D13D4D014169C4080328B8FEB86,./MALWR/FGTR43_EF8E0FB20E7228C7492CCDC59D87C690,0.0
./MALWR/DS22_A670D13D4D014169C4080328B8FEB86,./MALWR/FHHH6576C196385407B0F7F4B1B537D88983,0.010869565217391304
./MALWR/DS22_A670D13D4D014169C4080328B8FEB86,./MALWR/FTTR9EA3C16194CE354C244C1B74C46CD92E,0.01098901098901099
./MALWR/DS22_A670D13D4D014169C4080328B8FEB86,./MALWR/GBV66_8F259BB36E00D124963CFA9B86F502E,1.0
./MALWR/DS22_A670D13D4D014169C4080328B8FEB86,./MALWR/GFT4_7DDD3D72EAD03C7518F5D47650C8572,0.7
./MALWR/DS22_A670D13D4D014169C4080328B8FEB86,./MALWR/HJGQDD892986B2249B5214639ECC8AC0223,0.010869565217391304
./MALWR/DS22_A670D13D4D014169C4080328B8FEB86,./MALWR/JH78C0A33A1B472A8C16123FD696A5CE5EBB,0.010869565217391304
./MALWR/DS22_A670D13D4D014169C4080328B8FEB86,./MALWR/JKK8CA6FE7A1315AF5AFEAC2961460A80569,0.010869565217391304
./MALWR/DS22_A670D13D4D014169C4080328B8FEB86,./MALWR/K99_C3A9A7B026BFE0E55FF219FD6AA7D94,1.0
./MALWR/DS22_A670D13D4D014169C4080328B8FEB86,./MALWR/KLp90_6D5C8FC4B14559F73B6136D85B94198,1.0
./MALWR/DS22_A670D13D4D014169C4080328B8FEB86,./MALWR/L11_1415EB8519D13328091CC5C76A624E3D,0.02197802197802198
./MALWR/DS22_A670D13D4D014169C4080328B8FEB86,./MALWR/NBV_8B75BCBFF174C25A0161F30758509A44,0.010869565217391304
./MALWR/DS22_A670D13D4D014169C4080328B8FEB86,./MALWR/NV99_C9C9DBF388A8D81D8CFB4D3FC05F8E4,1.0
./MALWR/DS22_A670D13D4D014169C4080328B8FEB86,./MALWR/PL98_BD8B082B7711BC980252F988BB0CA936,0.010638297872340425
./MALWR/DS22_A670D13D4D014169C4080328B8FEB86,./MALWR/POL55_A4F1ECC4D25B33395196B5D51A06790,1.0
./MALWR/DS22_A670D13D4D014169C4080328B8FEB86,./MALWR/QW2_4C6BDDCCA2695D6202DF38708E14FC7E,0.0
./MALWR/DS22_A670D13D4D014169C4080328B8FEB86,./MALWR/RTC_7F85D7F628CE62D1D8F7B39D8940472,0.02197802197802198
./MALWR/DS22_A670D13D4D014169C4080328B8FEB86,./MALWR/SAM_B659D71AE168E774FAAF38DB30F4A84,1.0
./MALWR/DS22_A670D13D4D014169C4080328B8FEB86,./MALWR/TG78Z__727A6800991EEAD454E53E8AF164A99C,0.010416666666666666
./MALWR/DS22_A670D13D4D014169C4080328B8FEB86,./MALWR/VBMM9_149B7BD7218AAB4E257D28469FDDB0D,0.02197802197802198
./MALWR/DS22_A670D13D4D014169C4080328B8FEB86,./MALWR/VC990_468FF2C12CFFC7E5B2FE0EE6BB3B239E,0.010416666666666666
./MALWR/EEE99EC8AA67B05407C01094184C33D2B5A44,./MALWR/F6655E39465C2FF5B016980D918EA028,1.0
./MALWR/EEE99EC8AA67B05407C01094184C33D2B5A44,./MALWR/F8437E44748D2C3FCF84019766F4E6DC,0.6666666666666666
./MALWR/EEE99EC8AA67B05407C01094184C33D2B5A44,./MALWR/FGJKJJ1_2BA0D0083976A5C1E3315413CDCFFCD2,0.6666666666666666
./MALWR/EEE99EC8AA67B05407C01094184C33D2B5A44,./MALWR/FGTR43_EF8E0FB20E7228C7492CCDC59D87C690,0.21428571428571427
./MALWR/EEE99EC8AA67B05407C01094184C33D2B5A44,./MALWR/FHHH6576C196385407B0F7F4B1B537D88983,0.6666666666666666
./MALWR/EEE99EC8AA67B05407C01094184C33D2B5A44,./MALWR/FTTR9EA3C16194CE354C244C1B74C46CD92E,1.0
./MALWR/EEE99EC8AA67B05407C01094184C33D2B5A44,./MALWR/GBV66_8F259BB36E00D124963CFA9B86F502E,0.01098901098901099
./MALWR/EEE99EC8AA67B05407C01094184C33D2B5A44,./MALWR/GFT4_7DDD3D72EAD03C7518F5D47650C8572,0.01098901098901099
./MALWR/EEE99EC8AA67B05407C01094184C33D2B5A44,./MALWR/HJGQDD892986B2249B5214639ECC8AC0223,0.6666666666666666
./MALWR/EEE99EC8AA67B05407C01094184C33D2B5A44,./MALWR/JH78C0A33A1B472A8C16123FD696A5CE5EBB,0.6666666666666666
./MALWR/EEE99EC8AA67B05407C01094184C33D2B5A44,./MALWR/JKK8CA6FE7A1315AF5AFEAC2961460A80569,0.6666666666666666
./MALWR/EEE99EC8AA67B05407C01094184C33D2B5A44,./MALWR/K99_C3A9A7B026BFE0E55FF219FD6AA7D94,0.01098901098901099
./MALWR/EEE99EC8AA67B05407C01094184C33D2B5A44,./MALWR/KLp90_6D5C8FC4B14559F73B6136D85B94198,0.01098901098901099
./MALWR/EEE99EC8AA67B05407C01094184C33D2B5A44,./MALWR/L11_1415EB8519D13328091CC5C76A624E3D,0.36363636363636365
./MALWR/EEE99EC8AA67B05407C01094184C33D2B5A44,./MALWR/NBV_8B75BCBFF174C25A0161F30758509A44,0.6666666666666666
./MALWR/EEE99EC8AA67B05407C01094184C33D2B5A44,./MALWR/NV99_C9C9DBF388A8D81D8CFB4D3FC05F8E4,0.01098901098901099
./MALWR/EEE99EC8AA67B05407C01094184C33D2B5A44,./MALWR/PL98_BD8B082B7711BC980252F988BB0CA936,0.21428571428571427
./MALWR/EEE99EC8AA67B05407C01094184C33D2B5A44,./MALWR/POL55_A4F1ECC4D25B33395196B5D51A06790,0.01098901098901099
./MALWR/EEE99EC8AA67B05407C01094184C33D2B5A44,./MALWR/QW2_4C6BDDCCA2695D6202DF38708E14FC7E,0.21428571428571427
./MALWR/EEE99EC8AA67B05407C01094184C33D2B5A44,./MALWR/RTC_7F85D7F628CE62D1D8F7B39D8940472,0.36363636363636365
./MALWR/EEE99EC8AA67B05407C01094184C33D2B5A44,./MALWR/SAM_B659D71AE168E774FAAF38DB30F4A84,0.01098901098901099
./MALWR/EEE99EC8AA67B05407C01094184C33D2B5A44,./MALWR/TG78Z__727A6800991EEAD454E53E8AF164A99C,0.26666666666666666
./MALWR/EEE99EC8AA67B05407C01094184C33D2B5A44,./MALWR/VBMM9_149B7BD7218AAB4E257D28469FDDB0D,0.36363636363636365
./MALWR/EEE99EC8AA67B05407C01094184C33D2B5A44,./MALWR/VC990_468FF2C12CFFC7E5B2FE0EE6BB3B239E,0.26666666666666666
./MALWR/F6655E39465C2FF5B016980D918EA028,./MALWR/F8437E44748D2C3FCF84019766F4E6DC,0.6666666666666666
./MALWR/F6655E39465C2FF5B016980D918EA028,./MALWR/FGJKJJ1_2BA0D0083976A5C1E3315413CDCFFCD2,0.6666666666666666
./MALWR/F6655E39465C2FF5B016980D918EA028,./MALWR/FGTR43_EF8E0FB20E7228C7492CCDC59D87C690,0.21428571428571427
./MALWR/F6655E39465C2FF5B016980D918EA028,./MALWR/FHHH6576C196385407B0F7F4B1B537D88983,0.6666666666666666
./MALWR/F6655E39465C2FF5B016980D918EA028,./MALWR/FTTR9EA3C16194CE354C244C1B74C46CD92E,1.0
./MALWR/F6655E39465C2FF5B016980D918EA028,./MALWR/GBV66_8F259BB36E00D124963CFA9B86F502E,0.01098901098901099
./MALWR/F6655E39465C2FF5B016980D918EA028,./MALWR/GFT4_7DDD3D72EAD03C7518F5D47650C8572,0.01098901098901099
./MALWR/F6655E39465C2FF5B016980D918EA028,./MALWR/HJGQDD892986B2249B5214639ECC8AC0223,0.6666666666666666
./MALWR/F6655E39465C2FF5B016980D918EA028,./MALWR/JH78C0A33A1B472A8C16123FD696A5CE5EBB,0.6666666666666666
./MALWR/F6655E39465C2FF5B016980D918EA028,./MALWR/JKK8CA6FE7A1315AF5AFEAC2961460A80569,0.6666666666666666
./MALWR/F6655E39465C2FF5B016980D918EA028,./MALWR/K99_C3A9A7B026BFE0E55FF219FD6AA7D94,0.01098901098901099
./MALWR/F6655E39465C2FF5B016980D918EA028,./MALWR/KLp90_6D5C8FC4B14559F73B6136D85B94198,0.01098901098901099
./MALWR/F6655E39465C2FF5B016980D918EA028,./MALWR/L11_1415EB8519D13328091CC5C76A624E3D,0.36363636363636365
./MALWR/F6655E39465C2FF5B016980D918EA028,./MALWR/NBV_8B75BCBFF174C25A0161F30758509A44,0.6666666666666666
./MALWR/F6655E39465C2FF5B016980D918EA028,./MALWR/NV99_C9C9DBF388A8D81D8CFB4D3FC05F8E4,0.01098901098901099
./MALWR/F6655E39465C2FF5B016980D918EA028,./MALWR/PL98_BD8B082B7711BC980252F988BB0CA936,0.21428571428571427
./MALWR/F6655E39465C2FF5B016980D918EA028,./MALWR/POL55_A4F1ECC4D25B33395196B5D51A06790,0.01098901098901099
./MALWR/F6655E39465C2FF5B016980D918EA028,./MALWR/QW2_4C6BDDCCA2695D6202DF38708E14FC7E,0.21428571428571427
./MALWR/F6655E39465C2FF5B016980D918EA028,./MALWR/RTC_7F85D7F628CE62D1D8F7B39D8940472,0.36363636363636365
./MALWR/F6655E39465C2FF5B016980D918EA028,./MALWR/SAM_B659D71AE168E774FAAF38DB30F4A84,0.01098901098901099
./MALWR/F6655E39465C2FF5B016980D918EA028,./MALWR/TG78Z__727A6800991EEAD454E53E8AF164A99C,0.26666666666666666
./MALWR/F6655E39465C2FF5B016980D918EA028,./MALWR/VBMM9_149B7BD7218AAB4E257D28469FDDB0D,0.36363636363636365
./MALWR/F6655E39465C2FF5B016980D918EA028,./MALWR/VC990_468FF2C12CFFC7E5B2FE0EE6BB3B239E,0.26666666666666666
./MALWR/F8437E44748D2C3FCF84019766F4E6DC,./MALWR/FGJKJJ1_2BA0D0083976A5C1E3315413CDCFFCD2,1.0
./MALWR/F8437E44748D2C3FCF84019766F4E6DC,./MALWR/FGTR43_EF8E0FB20E7228C7492CCDC59D87C690,0.2
./MALWR/F8437E44748D2C3FCF84019766F4E6DC,./MALWR/FHHH6576C196385407B0F7F4B1B537D88983,1.0
./MALWR/F8437E44748D2C3FCF84019766F4E6DC,./MALWR/FTTR9EA3C16194CE354C244C1B74C46CD92E,0.6666666666666666
./MALWR/F8437E44748D2C3FCF84019766F4E6DC,./MALWR/GBV66_8F259BB36E00D124963CFA9B86F502E,0.010869565217391304
./MALWR/F8437E44748D2C3FCF84019766F4E6DC,./MALWR/GFT4_7DDD3D72EAD03C7518F5D47650C8572,0.010869565217391304
./MALWR/F8437E44748D2C3FCF84019766F4E6DC,./MALWR/HJGQDD892986B2249B5214639ECC8AC0223,1.0
./MALWR/F8437E44748D2C3FCF84019766F4E6DC,./MALWR/JH78C0A33A1B472A8C16123FD696A5CE5EBB,1.0
./MALWR/F8437E44748D2C3FCF84019766F4E6DC,./MALWR/JKK8CA6FE7A1315AF5AFEAC2961460A80569,1.0
./MALWR/F8437E44748D2C3FCF84019766F4E6DC,./MALWR/K99_C3A9A7B026BFE0E55FF219FD6AA7D94,0.010869565217391304
./MALWR/F8437E44748D2C3FCF84019766F4E6DC,./MALWR/KLp90_6D5C8FC4B14559F73B6136D85B94198,0.010869565217391304
./MALWR/F8437E44748D2C3FCF84019766F4E6DC,./MALWR/L11_1415EB8519D13328091CC5C76A624E3D,0.3333333333333333
./MALWR/F8437E44748D2C3FCF84019766F4E6DC,./MALWR/NBV_8B75BCBFF174C25A0161F30758509A44,1.0
./MALWR/F8437E44748D2C3FCF84019766F4E6DC,./MALWR/NV99_C9C9DBF388A8D81D8CFB4D3FC05F8E4,0.010869565217391304
./MALWR/F8437E44748D2C3FCF84019766F4E6DC,./MALWR/PL98_BD8B082B7711BC980252F988BB0CA936,0.2
./MALWR/F8437E44748D2C3FCF84019766F4E6DC,./MALWR/POL55_A4F1ECC4D25B33395196B5D51A06790,0.010869565217391304
./MALWR/F8437E44748D2C3FCF84019766F4E6DC,./MALWR/QW2_4C6BDDCCA2695D6202DF38708E14FC7E,0.2
./MALWR/F8437E44748D2C3FCF84019766F4E6DC,./MALWR/RTC_7F85D7F628CE62D1D8F7B39D8940472,0.3333333333333333
./MALWR/F8437E44748D2C3FCF84019766F4E6DC,./MALWR/SAM_B659D71AE168E774FAAF38DB30F4A84,0.010869565217391304
./MALWR/F8437E44748D2C3FCF84019766F4E6DC,./MALWR/TG78Z__727A6800991EEAD454E53E8AF164A99C,0.25
./MALWR/F8437E44748D2C3FCF84019766F4E6DC,./MALWR/VBMM9_149B7BD7218AAB4E257D28469FDDB0D,0.3333333333333333
./MALWR/F8437E44748D2C3FCF84019766F4E6DC,./MALWR/VC990_468FF2C12CFFC7E5B2FE0EE6BB3B239E,0.25
./MALWR/FGJKJJ1_2BA0D0083976A5C1E3315413CDCFFCD2,./MALWR/FGTR43_EF8E0FB20E7228C7492CCDC59D87C690,0.2
./MALWR/FGJKJJ1_2BA0D0083976A5C1E3315413CDCFFCD2,./MALWR/FHHH6576C196385407B0F7F4B1B537D88983,1.0
./MALWR/FGJKJJ1_2BA0D0083976A5C1E3315413CDCFFCD2,./MALWR/FTTR9EA3C16194CE354C244C1B74C46CD92E,0.6666666666666666
./MALWR/FGJKJJ1_2BA0D0083976A5C1E3315413CDCFFCD2,./MALWR/GBV66_8F259BB36E00D124963CFA9B86F502E,0.010869565217391304
./MALWR/FGJKJJ1_2BA0D0083976A5C1E3315413CDCFFCD2,./MALWR/GFT4_7DDD3D72EAD03C7518F5D47650C8572,0.010869565217391304
./MALWR/FGJKJJ1_2BA0D0083976A5C1E3315413CDCFFCD2,./MALWR/HJGQDD892986B2249B5214639ECC8AC0223,1.0
./MALWR/FGJKJJ1_2BA0D0083976A5C1E3315413CDCFFCD2,./MALWR/JH78C0A33A1B472A8C16123FD696A5CE5EBB,1.0
./MALWR/FGJKJJ1_2BA0D0083976A5C1E3315413CDCFFCD2,./MALWR/JKK8CA6FE7A1315AF5AFEAC2961460A80569,1.0
./MALWR/FGJKJJ1_2BA0D0083976A5C1E3315413CDCFFCD2,./MALWR/K99_C3A9A7B026BFE0E55FF219FD6AA7D94,0.010869565217391304
./MALWR/FGJKJJ1_2BA0D0083976A5C1E3315413CDCFFCD2,./MALWR/KLp90_6D5C8FC4B14559F73B6136D85B94198,0.010869565217391304
./MALWR/FGJKJJ1_2BA0D0083976A5C1E3315413CDCFFCD2,./MALWR/L11_1415EB8519D13328091CC5C76A624E3D,0.3333333333333333
./MALWR/FGJKJJ1_2BA0D0083976A5C1E3315413CDCFFCD2,./MALWR/NBV_8B75BCBFF174C25A0161F30758509A44,1.0
./MALWR/FGJKJJ1_2BA0D0083976A5C1E3315413CDCFFCD2,./MALWR/NV99_C9C9DBF388A8D81D8CFB4D3FC05F8E4,0.010869565217391304
./MALWR/FGJKJJ1_2BA0D0083976A5C1E3315413CDCFFCD2,./MALWR/PL98_BD8B082B7711BC980252F988BB0CA936,0.2
./MALWR/FGJKJJ1_2BA0D0083976A5C1E3315413CDCFFCD2,./MALWR/POL55_A4F1ECC4D25B33395196B5D51A06790,0.010869565217391304
./MALWR/FGJKJJ1_2BA0D0083976A5C1E3315413CDCFFCD2,./MALWR/QW2_4C6BDDCCA2695D6202DF38708E14FC7E,0.2
./MALWR/FGJKJJ1_2BA0D0083976A5C1E3315413CDCFFCD2,./MALWR/RTC_7F85D7F628CE62D1D8F7B39D8940472,0.3333333333333333
./MALWR/FGJKJJ1_2BA0D0083976A5C1E3315413CDCFFCD2,./MALWR/SAM_B659D71AE168E774FAAF38DB30F4A84,0.010869565217391304
./MALWR/FGJKJJ1_2BA0D0083976A5C1E3315413CDCFFCD2,./MALWR/TG78Z__727A6800991EEAD454E53E8AF164A99C,0.25
./MALWR/FGJKJJ1_2BA0D0083976A5C1E3315413CDCFFCD2,./MALWR/VBMM9_149B7BD7218AAB4E257D28469FDDB0D,0.3333333333333333
./MALWR/FGJKJJ1_2BA0D0083976A5C1E3315413CDCFFCD2,./MALWR/VC990_468FF2C12CFFC7E5B2FE0EE6BB3B239E,0.25
./MALWR/FGTR43_EF8E0FB20E7228C7492CCDC59D87C690,./MALWR/FHHH6576C196385407B0F7F4B1B537D88983,0.2
./MALWR/FGTR43_EF8E0FB20E7228C7492CCDC59D87C690,./MALWR/FTTR9EA3C16194CE354C244C1B74C46CD92E,0.21428571428571427
./MALWR/FGTR43_EF8E0FB20E7228C7492CCDC59D87C690,./MALWR/GBV66_8F259BB36E00D124963CFA9B86F502E,0.0
./MALWR/FGTR43_EF8E0FB20E7228C7492CCDC59D87C690,./MALWR/GFT4_7DDD3D72EAD03C7518F5D47650C8572,0.0
./MALWR/FGTR43_EF8E0FB20E7228C7492CCDC59D87C690,./MALWR/HJGQDD892986B2249B5214639ECC8AC0223,0.2
./MALWR/FGTR43_EF8E0FB20E7228C7492CCDC59D87C690,./MALWR/JH78C0A33A1B472A8C16123FD696A5CE5EBB,0.2
./MALWR/FGTR43_EF8E0FB20E7228C7492CCDC59D87C690,./MALWR/JKK8CA6FE7A1315AF5AFEAC2961460A80569,0.2
./MALWR/FGTR43_EF8E0FB20E7228C7492CCDC59D87C690,./MALWR/K99_C3A9A7B026BFE0E55FF219FD6AA7D94,0.0
./MALWR/FGTR43_EF8E0FB20E7228C7492CCDC59D87C690,./MALWR/KLp90_6D5C8FC4B14559F73B6136D85B94198,0.0
./MALWR/FGTR43_EF8E0FB20E7228C7492CCDC59D87C690,./MALWR/L11_1415EB8519D13328091CC5C76A624E3D,0.2857142857142857
./MALWR/FGTR43_EF8E0FB20E7228C7492CCDC59D87C690,./MALWR/NBV_8B75BCBFF174C25A0161F30758509A44,0.2
./MALWR/FGTR43_EF8E0FB20E7228C7492CCDC59D87C690,./MALWR/NV99_C9C9DBF388A8D81D8CFB4D3FC05F8E4,0.0
./MALWR/FGTR43_EF8E0FB20E7228C7492CCDC59D87C690,./MALWR/PL98_BD8B082B7711BC980252F988BB0CA936,0.5384615384615384
./MALWR/FGTR43_EF8E0FB20E7228C7492CCDC59D87C690,./MALWR/POL55_A4F1ECC4D25B33395196B5D51A06790,0.0
./MALWR/FGTR43_EF8E0FB20E7228C7492CCDC59D87C690,./MALWR/QW2_4C6BDDCCA2695D6202DF38708E14FC7E,1.0
./MALWR/FGTR43_EF8E0FB20E7228C7492CCDC59D87C690,./MALWR/RTC_7F85D7F628CE62D1D8F7B39D8940472,0.2857142857142857
./MALWR/FGTR43_EF8E0FB20E7228C7492CCDC59D87C690,./MALWR/SAM_B659D71AE168E774FAAF38DB30F4A84,0.0
./MALWR/FGTR43_EF8E0FB20E7228C7492CCDC59D87C690,./MALWR/TG78Z__727A6800991EEAD454E53E8AF164A99C,0.5714285714285714
./MALWR/FGTR43_EF8E0FB20E7228C7492CCDC59D87C690,./MALWR/VBMM9_149B7BD7218AAB4E257D28469FDDB0D,0.2857142857142857
./MALWR/FGTR43_EF8E0FB20E7228C7492CCDC59D87C690,./MALWR/VC990_468FF2C12CFFC7E5B2FE0EE6BB3B239E,0.5714285714285714
./MALWR/FHHH6576C196385407B0F7F4B1B537D88983,./MALWR/FTTR9EA3C16194CE354C244C1B74C46CD92E,0.6666666666666666
./MALWR/FHHH6576C196385407B0F7F4B1B537D88983,./MALWR/GBV66_8F259BB36E00D124963CFA9B86F502E,0.010869565217391304
./MALWR/FHHH6576C196385407B0F7F4B1B537D88983,./MALWR/GFT4_7DDD3D72EAD03C7518F5D47650C8572,0.010869565217391304
./MALWR/FHHH6576C196385407B0F7F4B1B537D88983,./MALWR/HJGQDD892986B2249B5214639ECC8AC0223,1.0
./MALWR/FHHH6576C196385407B0F7F4B1B537D88983,./MALWR/JH78C0A33A1B472A8C16123FD696A5CE5EBB,1.0
./MALWR/FHHH6576C196385407B0F7F4B1B537D88983,./MALWR/JKK8CA6FE7A1315AF5AFEAC2961460A80569,1.0
./MALWR/FHHH6576C196385407B0F7F4B1B537D88983,./MALWR/K99_C3A9A7B026BFE0E55FF219FD6AA7D94,0.010869565217391304
./MALWR/FHHH6576C196385407B0F7F4B1B537D88983,./MALWR/KLp90_6D5C8FC4B14559F73B6136D85B94198,0.010869565217391304
./MALWR/FHHH6576C196385407B0F7F4B1B537D88983,./MALWR/L11_1415EB8519D13328091CC5C76A624E3D,0.3333333333333333
./MALWR/FHHH6576C196385407B0F7F4B1B537D88983,./MALWR/NBV_8B75BCBFF174C25A0161F30758509A44,1.0
./MALWR/FHHH6576C196385407B0F7F4B1B537D88983,./MALWR/NV99_C9C9DBF388A8D81D8CFB4D3FC05F8E4,0.010869565217391304
./MALWR/FHHH6576C196385407B0F7F4B1B537D88983,./MALWR/PL98_BD8B082B7711BC980252F988BB0CA936,0.2
./MALWR/FHHH6576C196385407B0F7F4B1B537D88983,./MALWR/POL55_A4F1ECC4D25B33395196B5D51A06790,0.010869565217391304
./MALWR/FHHH6576C196385407B0F7F4B1B537D88983,./MALWR/QW2_4C6BDDCCA2695D6202DF38708E14FC7E,0.2
./MALWR/FHHH6576C196385407B0F7F4B1B537D88983,./MALWR/RTC_7F85D7F628CE62D1D8F7B39D8940472,0.3333333333333333
./MALWR/FHHH6576C196385407B0F7F4B1B537D88983,./MALWR/SAM_B659D71AE168E774FAAF38DB30F4A84,0.010869565217391304
./MALWR/FHHH6576C196385407B0F7F4B1B537D88983,./MALWR/TG78Z__727A6800991EEAD454E53E8AF164A99C,0.25
./MALWR/FHHH6576C196385407B0F7F4B1B537D88983,./MALWR/VBMM9_149B7BD7218AAB4E257D28469FDDB0D,0.3333333333333333
./MALWR/FHHH6576C196385407B0F7F4B1B537D88983,./MALWR/VC990_468FF2C12CFFC7E5B2FE0EE6BB3B239E,0.25
./MALWR/FTTR9EA3C16194CE354C244C1B74C46CD92E,./MALWR/GBV66_8F259BB36E00D124963CFA9B86F502E,0.01098901098901099
./MALWR/FTTR9EA3C16194CE354C244C1B74C46CD92E,./MALWR/GFT4_7DDD3D72EAD03C7518F5D47650C8572,0.01098901098901099
./MALWR/FTTR9EA3C16194CE354C244C1B74C46CD92E,./MALWR/HJGQDD892986B2249B5214639ECC8AC0223,0.6666666666666666
./MALWR/FTTR9EA3C16194CE354C244C1B74C46CD92E,./MALWR/JH78C0A33A1B472A8C16123FD696A5CE5EBB,0.6666666666666666
./MALWR/FTTR9EA3C16194CE354C244C1B74C46CD92E,./MALWR/JKK8CA6FE7A1315AF5AFEAC2961460A80569,0.6666666666666666
./MALWR/FTTR9EA3C16194CE354C244C1B74C46CD92E,./MALWR/K99_C3A9A7B026BFE0E55FF219FD6AA7D94,0.01098901098901099
./MALWR/FTTR9EA3C16194CE354C244C1B74C46CD92E,./MALWR/KLp90_6D5C8FC4B14559F73B6136D85B94198,0.01098901098901099
./MALWR/FTTR9EA3C16194CE354C244C1B74C46CD92E,./MALWR/L11_1415EB8519D13328091CC5C76A624E3D,0.36363636363636365
./MALWR/FTTR9EA3C16194CE354C244C1B74C46CD92E,./MALWR/NBV_8B75BCBFF174C25A0161F30758509A44,0.6666666666666666
./MALWR/FTTR9EA3C16194CE354C244C1B74C46CD92E,./MALWR/NV99_C9C9DBF388A8D81D8CFB4D3FC05F8E4,0.01098901098901099
./MALWR/FTTR9EA3C16194CE354C244C1B74C46CD92E,./MALWR/PL98_BD8B082B7711BC980252F988BB0CA936,0.21428571428571427
./MALWR/FTTR9EA3C16194CE354C244C1B74C46CD92E,./MALWR/POL55_A4F1ECC4D25B33395196B5D51A06790,0.01098901098901099
./MALWR/FTTR9EA3C16194CE354C244C1B74C46CD92E,./MALWR/QW2_4C6BDDCCA2695D6202DF38708E14FC7E,0.21428571428571427
./MALWR/FTTR9EA3C16194CE354C244C1B74C46CD92E,./MALWR/RTC_7F85D7F628CE62D1D8F7B39D8940472,0.36363636363636365
./MALWR/FTTR9EA3C16194CE354C244C1B74C46CD92E,./MALWR/SAM_B659D71AE168E774FAAF38DB30F4A84,0.01098901098901099
./MALWR/FTTR9EA3C16194CE354C244C1B74C46CD92E,./MALWR/TG78Z__727A6800991EEAD454E53E8AF164A99C,0.26666666666666666
./MALWR/FTTR9EA3C16194CE354C244C1B74C46CD92E,./MALWR/VBMM9_149B7BD7218AAB4E257D28469FDDB0D,0.36363636363636365
./MALWR/FTTR9EA3C16194CE354C244C1B74C46CD92E,./MALWR/VC990_468FF2C12CFFC7E5B2FE0EE6BB3B239E,0.26666666666666666
./MALWR/GBV66_8F259BB36E00D124963CFA9B86F502E,./MALWR/GFT4_7DDD3D72EAD03C7518F5D47650C8572,0.7
./MALWR/GBV66_8F259BB36E00D124963CFA9B86F502E,./MALWR/HJGQDD892986B2249B5214639ECC8AC0223,0.010869565217391304
./MALWR/GBV66_8F259BB36E00D124963CFA9B86F502E,./MALWR/JH78C0A33A1B472A8C16123FD696A5CE5EBB,0.010869565217391304
./MALWR/GBV66_8F259BB36E00D124963CFA9B86F502E,./MALWR/JKK8CA6FE7A1315AF5AFEAC2961460A80569,0.010869565217391304
./MALWR/GBV66_8F259BB36E00D124963CFA9B86F502E,./MALWR/K99_C3A9A7B026BFE0E55FF219FD6AA7D94,1.0
./MALWR/GBV66_8F259BB36E00D124963CFA9B86F502E,./MALWR/KLp90_6D5C8FC4B14559F73B6136D85B94198,1.0
./MALWR/GBV66_8F259BB36E00D124963CFA9B86F502E,./MALWR/L11_1415EB8519D13328091CC5C76A624E3D,0.02197802197802198
./MALWR/GBV66_8F259BB36E00D124963CFA9B86F502E,./MALWR/NBV_8B75BCBFF174C25A0161F30758509A44,0.010869565217391304
./MALWR/GBV66_8F259BB36E00D124963CFA9B86F502E,./MALWR/NV99_C9C9DBF388A8D81D8CFB4D3FC05F8E4,1.0
./MALWR/GBV66_8F259BB36E00D124963CFA9B86F502E,./MALWR/PL98_BD8B082B7711BC980252F988BB0CA936,0.010638297872340425
./MALWR/GBV66_8F259BB36E00D124963CFA9B86F502E,./MALWR/POL55_A4F1ECC4D25B33395196B5D51A06790,1.0
./MALWR/GBV66_8F259BB36E00D124963CFA9B86F502E,./MALWR/QW2_4C6BDDCCA2695D6202DF38708E14FC7E,0.0
./MALWR/GBV66_8F259BB36E00D124963CFA9B86F502E,./MALWR/RTC_7F85D7F628CE62D1D8F7B39D8940472,0.02197802197802198
./MALWR/GBV66_8F259BB36E00D124963CFA9B86F502E,./MALWR/SAM_B659D71AE168E774FAAF38DB30F4A84,1.0
./MALWR/GBV66_8F259BB36E00D124963CFA9B86F502E,./MALWR/TG78Z__727A6800991EEAD454E53E8AF164A99C,0.010416666666666666
./MALWR/GBV66_8F259BB36E00D124963CFA9B86F502E,./MALWR/VBMM9_149B7BD7218AAB4E257D28469FDDB0D,0.02197802197802198
./MALWR/GBV66_8F259BB36E00D124963CFA9B86F502E,./MALWR/VC990_468FF2C12CFFC7E5B2FE0EE6BB3B239E,0.010416666666666666
./MALWR/GFT4_7DDD3D72EAD03C7518F5D47650C8572,./MALWR/HJGQDD892986B2249B5214639ECC8AC0223,0.010869565217391304
./MALWR/GFT4_7DDD3D72EAD03C7518F5D47650C8572,./MALWR/JH78C0A33A1B472A8C16123FD696A5CE5EBB,0.010869565217391304
./MALWR/GFT4_7DDD3D72EAD03C7518F5D47650C8572,./MALWR/JKK8CA6FE7A1315AF5AFEAC2961460A80569,0.010869565217391304
./MALWR/GFT4_7DDD3D72EAD03C7518F5D47650C8572,./MALWR/K99_C3A9A7B026BFE0E55FF219FD6AA7D94,0.7
./MALWR/GFT4_7DDD3D72EAD03C7518F5D47650C8572,./MALWR/KLp90_6D5C8FC4B14559F73B6136D85B94198,0.7
./MALWR/GFT4_7DDD3D72EAD03C7518F5D47650C8572,./MALWR/L11_1415EB8519D13328091CC5C76A624E3D,0.02197802197802198
./MALWR/GFT4_7DDD3D72EAD03C7518F5D47650C8572,./MALWR/NBV_8B75BCBFF174C25A0161F30758509A44,0.010869565217391304
./MALWR/GFT4_7DDD3D72EAD03C7518F5D47650C8572,./MALWR/NV99_C9C9DBF388A8D81D8CFB4D3FC05F8E4,0.7
./MALWR/GFT4_7DDD3D72EAD03C7518F5D47650C8572,./MALWR/PL98_BD8B082B7711BC980252F988BB0CA936,0.010638297872340425
./MALWR/GFT4_7DDD3D72EAD03C7518F5D47650C8572,./MALWR/POL55_A4F1ECC4D25B33395196B5D51A06790,0.7
./MALWR/GFT4_7DDD3D72EAD03C7518F5D47650C8572,./MALWR/QW2_4C6BDDCCA2695D6202DF38708E14FC7E,0.0
./MALWR/GFT4_7DDD3D72EAD03C7518F5D47650C8572,./MALWR/RTC_7F85D7F628CE62D1D8F7B39D8940472,0.02197802197802198
./MALWR/GFT4_7DDD3D72EAD03C7518F5D47650C8572,./MALWR/SAM_B659D71AE168E774FAAF38DB30F4A84,0.7
./MALWR/GFT4_7DDD3D72EAD03C7518F5D47650C8572,./MALWR/TG78Z__727A6800991EEAD454E53E8AF164A99C,0.010416666666666666
./MALWR/GFT4_7DDD3D72EAD03C7518F5D47650C8572,./MALWR/VBMM9_149B7BD7218AAB4E257D28469FDDB0D,0.02197802197802198
./MALWR/GFT4_7DDD3D72EAD03C7518F5D47650C8572,./MALWR/VC990_468FF2C12CFFC7E5B2FE0EE6BB3B239E,0.010416666666666666
./MALWR/HJGQDD892986B2249B5214639ECC8AC0223,./MALWR/JH78C0A33A1B472A8C16123FD696A5CE5EBB,1.0
./MALWR/HJGQDD892986B2249B5214639ECC8AC0223,./MALWR/JKK8CA6FE7A1315AF5AFEAC2961460A80569,1.0
./MALWR/HJGQDD892986B2249B5214639ECC8AC0223,./MALWR/K99_C3A9A7B026BFE0E55FF219FD6AA7D94,0.010869565217391304
./MALWR/HJGQDD892986B2249B5214639ECC8AC0223,./MALWR/KLp90_6D5C8FC4B14559F73B6136D85B94198,0.010869565217391304
./MALWR/HJGQDD892986B2249B5214639ECC8AC0223,./MALWR/L11_1415EB8519D13328091CC5C76A624E3D,0.3333333333333333
./MALWR/HJGQDD892986B2249B5214639ECC8AC0223,./MALWR/NBV_8B75BCBFF174C25A0161F30758509A44,1.0
./MALWR/HJGQDD892986B2249B5214639ECC8AC0223,./MALWR/NV99_C9C9DBF388A8D81D8CFB4D3FC05F8E4,0.010869565217391304
./MALWR/HJGQDD892986B2249B5214639ECC8AC0223,./MALWR/PL98_BD8B082B7711BC980252F988BB0CA936,0.2
./MALWR/HJGQDD892986B2249B5214639ECC8AC0223,./MALWR/POL55_A4F1ECC4D25B33395196B5D51A06790,0.010869565217391304
./MALWR/HJGQDD892986B2249B5214639ECC8AC0223,./MALWR/QW2_4C6BDDCCA2695D6202DF38708E14FC7E,0.2
./MALWR/HJGQDD892986B2249B5214639ECC8AC0223,./MALWR/RTC_7F85D7F628CE62D1D8F7B39D8940472,0.3333333333333333
./MALWR/HJGQDD892986B2249B5214639ECC8AC0223,./MALWR/SAM_B659D71AE168E774FAAF38DB30F4A84,0.010869565217391304
./MALWR/HJGQDD892986B2249B5214639ECC8AC0223,./MALWR/TG78Z__727A6800991EEAD454E53E8AF164A99C,0.25
./MALWR/HJGQDD892986B2249B5214639ECC8AC0223,./MALWR/VBMM9_149B7BD7218AAB4E257D28469FDDB0D,0.3333333333333333
./MALWR/HJGQDD892986B2249B5214639ECC8AC0223,./MALWR/VC990_468FF2C12CFFC7E5B2FE0EE6BB3B239E,0.25
./MALWR/JH78C0A33A1B472A8C16123FD696A5CE5EBB,./MALWR/JKK8CA6FE7A1315AF5AFEAC2961460A80569,1.0
./MALWR/JH78C0A33A1B472A8C16123FD696A5CE5EBB,./MALWR/K99_C3A9A7B026BFE0E55FF219FD6AA7D94,0.010869565217391304
./MALWR/JH78C0A33A1B472A8C16123FD696A5CE5EBB,./MALWR/KLp90_6D5C8FC4B14559F73B6136D85B94198,0.010869565217391304
./MALWR/JH78C0A33A1B472A8C16123FD696A5CE5EBB,./MALWR/L11_1415EB8519D13328091CC5C76A624E3D,0.3333333333333333
./MALWR/JH78C0A33A1B472A8C16123FD696A5CE5EBB,./MALWR/NBV_8B75BCBFF174C25A0161F30758509A44,1.0
./MALWR/JH78C0A33A1B472A8C16123FD696A5CE5EBB,./MALWR/NV99_C9C9DBF388A8D81D8CFB4D3FC05F8E4,0.010869565217391304
./MALWR/JH78C0A33A1B472A8C16123FD696A5CE5EBB,./MALWR/PL98_BD8B082B7711BC980252F988BB0CA936,0.2
./MALWR/JH78C0A33A1B472A8C16123FD696A5CE5EBB,./MALWR/POL55_A4F1ECC4D25B33395196B5D51A06790,0.010869565217391304
./MALWR/JH78C0A33A1B472A8C16123FD696A5CE5EBB,./MALWR/QW2_4C6BDDCCA2695D6202DF38708E14FC7E,0.2
./MALWR/JH78C0A33A1B472A8C16123FD696A5CE5EBB,./MALWR/RTC_7F85D7F628CE62D1D8F7B39D8940472,0.3333333333333333
./MALWR/JH78C0A33A1B472A8C16123FD696A5CE5EBB,./MALWR/SAM_B659D71AE168E774FAAF38DB30F4A84,0.010869565217391304
./MALWR/JH78C0A33A1B472A8C16123FD696A5CE5EBB,./MALWR/TG78Z__727A6800991EEAD454E53E8AF164A99C,0.25
./MALWR/JH78C0A33A1B472A8C16123FD696A5CE5EBB,./MALWR/VBMM9_149B7BD7218AAB4E257D28469FDDB0D,0.3333333333333333
./MALWR/JH78C0A33A1B472A8C16123FD696A5CE5EBB,./MALWR/VC990_468FF2C12CFFC7E5B2FE0EE6BB3B239E,0.25
./MALWR/JKK8CA6FE7A1315AF5AFEAC2961460A80569,./MALWR/K99_C3A9A7B026BFE0E55FF219FD6AA7D94,0.010869565217391304
./MALWR/JKK8CA6FE7A1315AF5AFEAC2961460A80569,./MALWR/KLp90_6D5C8FC4B14559F73B6136D85B94198,0.010869565217391304
./MALWR/JKK8CA6FE7A1315AF5AFEAC2961460A80569,./MALWR/L11_1415EB8519D13328091CC5C76A624E3D,0.3333333333333333
./MALWR/JKK8CA6FE7A1315AF5AFEAC2961460A80569,./MALWR/NBV_8B75BCBFF174C25A0161F30758509A44,1.0
./MALWR/JKK8CA6FE7A1315AF5AFEAC2961460A80569,./MALWR/NV99_C9C9DBF388A8D81D8CFB4D3FC05F8E4,0.010869565217391304
./MALWR/JKK8CA6FE7A1315AF5AFEAC2961460A80569,./MALWR/PL98_BD8B082B7711BC980252F988BB0CA936,0.2
./MALWR/JKK8CA6FE7A1315AF5AFEAC2961460A80569,./MALWR/POL55_A4F1ECC4D25B33395196B5D51A06790,0.010869565217391304
./MALWR/JKK8CA6FE7A1315AF5AFEAC2961460A80569,./MALWR/QW2_4C6BDDCCA2695D6202DF38708E14FC7E,0.2
./MALWR/JKK8CA6FE7A1315AF5AFEAC2961460A80569,./MALWR/RTC_7F85D7F628CE62D1D8F7B39D8940472,0.3333333333333333
./MALWR/JKK8CA6FE7A1315AF5AFEAC2961460A80569,./MALWR/SAM_B659D71AE168E774FAAF38DB30F4A84,0.010869565217391304
./MALWR/JKK8CA6FE7A1315AF5AFEAC2961460A80569,./MALWR/TG78Z__727A6800991EEAD454E53E8AF164A99C,0.25
./MALWR/JKK8CA6FE7A1315AF5AFEAC2961460A80569,./MALWR/VBMM9_149B7BD7218AAB4E257D28469FDDB0D,0.3333333333333333
./MALWR/JKK8CA6FE7A1315AF5AFEAC2961460A80569,./MALWR/VC990_468FF2C12CFFC7E5B2FE0EE6BB3B239E,0.25
./MALWR/K99_C3A9A7B026BFE0E55FF219FD6AA7D94,./MALWR/KLp90_6D5C8FC4B14559F73B6136D85B94198,1.0
./MALWR/K99_C3A9A7B026BFE0E55FF219FD6AA7D94,./MALWR/L11_1415EB8519D13328091CC5C76A624E3D,0.02197802197802198
./MALWR/K99_C3A9A7B026BFE0E55FF219FD6AA7D94,./MALWR/NBV_8B75BCBFF174C25A0161F30758509A44,0.010869565217391304
./MALWR/K99_C3A9A7B026BFE0E55FF219FD6AA7D94,./MALWR/NV99_C9C9DBF388A8D81D8CFB4D3FC05F8E4,1.0
./MALWR/K99_C3A9A7B026BFE0E55FF219FD6AA7D94,./MALWR/PL98_BD8B082B7711BC980252F988BB0CA936,0.010638297872340425
./MALWR/K99_C3A9A7B026BFE0E55FF219FD6AA7D94,./MALWR/POL55_A4F1ECC4D25B33395196B5D51A06790,1.0
./MALWR/K99_C3A9A7B026BFE0E55FF219FD6AA7D94,./MALWR/QW2_4C6BDDCCA2695D6202DF38708E14FC7E,0.0
./MALWR/K99_C3A9A7B026BFE0E55FF219FD6AA7D94,./MALWR/RTC_7F85D7F628CE62D1D8F7B39D8940472,0.02197802197802198
./MALWR/K99_C3A9A7B026BFE0E55FF219FD6AA7D94,./MALWR/SAM_B659D71AE168E774FAAF38DB30F4A84,1.0
./MALWR/K99_C3A9A7B026BFE0E55FF219FD6AA7D94,./MALWR/TG78Z__727A6800991EEAD454E53E8AF164A99C,0.010416666666666666
./MALWR/K99_C3A9A7B026BFE0E55FF219FD6AA7D94,./MALWR/VBMM9_149B7BD7218AAB4E257D28469FDDB0D,0.02197802197802198
./MALWR/K99_C3A9A7B026BFE0E55FF219FD6AA7D94,./MALWR/VC990_468FF2C12CFFC7E5B2FE0EE6BB3B239E,0.010416666666666666
./MALWR/KLp90_6D5C8FC4B14559F73B6136D85B94198,./MALWR/L11_1415EB8519D13328091CC5C76A624E3D,0.02197802197802198
./MALWR/KLp90_6D5C8FC4B14559F73B6136D85B94198,./MALWR/NBV_8B75BCBFF174C25A0161F30758509A44,0.010869565217391304
./MALWR/KLp90_6D5C8FC4B14559F73B6136D85B94198,./MALWR/NV99_C9C9DBF388A8D81D8CFB4D3FC05F8E4,1.0
./MALWR/KLp90_6D5C8FC4B14559F73B6136D85B94198,./MALWR/PL98_BD8B082B7711BC980252F988BB0CA936,0.010638297872340425
./MALWR/KLp90_6D5C8FC4B14559F73B6136D85B94198,./MALWR/POL55_A4F1ECC4D25B33395196B5D51A06790,1.0
./MALWR/KLp90_6D5C8FC4B14559F73B6136D85B94198,./MALWR/QW2_4C6BDDCCA2695D6202DF38708E14FC7E,0.0
./MALWR/KLp90_6D5C8FC4B14559F73B6136D85B94198,./MALWR/RTC_7F85D7F628CE62D1D8F7B39D8940472,0.02197802197802198
./MALWR/KLp90_6D5C8FC4B14559F73B6136D85B94198,./MALWR/SAM_B659D71AE168E774FAAF38DB30F4A84,1.0
./MALWR/KLp90_6D5C8FC4B14559F73B6136D85B94198,./MALWR/TG78Z__727A6800991EEAD454E53E8AF164A99C,0.010416666666666666
./MALWR/KLp90_6D5C8FC4B14559F73B6136D85B94198,./MALWR/VBMM9_149B7BD7218AAB4E257D28469FDDB0D,0.02197802197802198
./MALWR/KLp90_6D5C8FC4B14559F73B6136D85B94198,./MALWR/VC990_468FF2C12CFFC7E5B2FE0EE6BB3B239E,0.010416666666666666
./MALWR/L11_1415EB8519D13328091CC5C76A624E3D,./MALWR/NBV_8B75BCBFF174C25A0161F30758509A44,0.3333333333333333
./MALWR/L11_1415EB8519D13328091CC5C76A624E3D,./MALWR/NV99_C9C9DBF388A8D81D8CFB4D3FC05F8E4,0.02197802197802198
./MALWR/L11_1415EB8519D13328091CC5C76A624E3D,./MALWR/PL98_BD8B082B7711BC980252F988BB0CA936,0.2
./MALWR/L11_1415EB8519D13328091CC5C76A624E3D,./MALWR/POL55_A4F1ECC4D25B33395196B5D51A06790,0.02197802197802198
./MALWR/L11_1415EB8519D13328091CC5C76A624E3D,./MALWR/QW2_4C6BDDCCA2695D6202DF38708E14FC7E,0.2857142857142857
./MALWR/L11_1415EB8519D13328091CC5C76A624E3D,./MALWR/RTC_7F85D7F628CE62D1D8F7B39D8940472,1.0
./MALWR/L11_1415EB8519D13328091CC5C76A624E3D,./MALWR/SAM_B659D71AE168E774FAAF38DB30F4A84,0.02197802197802198
./MALWR/L11_1415EB8519D13328091CC5C76A624E3D,./MALWR/TG78Z__727A6800991EEAD454E53E8AF164A99C,0.25
./MALWR/L11_1415EB8519D13328091CC5C76A624E3D,./MALWR/VBMM9_149B7BD7218AAB4E257D28469FDDB0D,1.0
./MALWR/L11_1415EB8519D13328091CC5C76A624E3D,./MALWR/VC990_468FF2C12CFFC7E5B2FE0EE6BB3B239E,0.25
./MALWR/NBV_8B75BCBFF174C25A0161F30758509A44,./MALWR/NV99_C9C9DBF388A8D81D8CFB4D3FC05F8E4,0.010869565217391304
./MALWR/NBV_8B75BCBFF174C25A0161F30758509A44,./MALWR/PL98_BD8B082B7711BC980252F988BB0CA936,0.2
./MALWR/NBV_8B75BCBFF174C25A0161F30758509A44,./MALWR/POL55_A4F1ECC4D25B33395196B5D51A06790,0.010869565217391304
./MALWR/NBV_8B75BCBFF174C25A0161F30758509A44,./MALWR/QW2_4C6BDDCCA2695D6202DF38708E14FC7E,0.2
./MALWR/NBV_8B75BCBFF174C25A0161F30758509A44,./MALWR/RTC_7F85D7F628CE62D1D8F7B39D8940472,0.3333333333333333
./MALWR/NBV_8B75BCBFF174C25A0161F30758509A44,./MALWR/SAM_B659D71AE168E774FAAF38DB30F4A84,0.010869565217391304
./MALWR/NBV_8B75BCBFF174C25A0161F30758509A44,./MALWR/TG78Z__727A6800991EEAD454E53E8AF164A99C,0.25
./MALWR/NBV_8B75BCBFF174C25A0161F30758509A44,./MALWR/VBMM9_149B7BD7218AAB4E257D28469FDDB0D,0.3333333333333333
./MALWR/NBV_8B75BCBFF174C25A0161F30758509A44,./MALWR/VC990_468FF2C12CFFC7E5B2FE0EE6BB3B239E,0.25
./MALWR/NV99_C9C9DBF388A8D81D8CFB4D3FC05F8E4,./MALWR/PL98_BD8B082B7711BC980252F988BB0CA936,0.010638297872340425
./MALWR/NV99_C9C9DBF388A8D81D8CFB4D3FC05F8E4,./MALWR/POL55_A4F1ECC4D25B33395196B5D51A06790,1.0
./MALWR/NV99_C9C9DBF388A8D81D8CFB4D3FC05F8E4,./MALWR/QW2_4C6BDDCCA2695D6202DF38708E14FC7E,0.0
./MALWR/NV99_C9C9DBF388A8D81D8CFB4D3FC05F8E4,./MALWR/RTC_7F85D7F628CE62D1D8F7B39D8940472,0.02197802197802198
./MALWR/NV99_C9C9DBF388A8D81D8CFB4D3FC05F8E4,./MALWR/SAM_B659D71AE168E774FAAF38DB30F4A84,1.0
./MALWR/NV99_C9C9DBF388A8D81D8CFB4D3FC05F8E4,./MALWR/TG78Z__727A6800991EEAD454E53E8AF164A99C,0.010416666666666666
./MALWR/NV99_C9C9DBF388A8D81D8CFB4D3FC05F8E4,./MALWR/VBMM9_149B7BD7218AAB4E257D28469FDDB0D,0.02197802197802198
./MALWR/NV99_C9C9DBF388A8D81D8CFB4D3FC05F8E4,./MALWR/VC990_468FF2C12CFFC7E5B2FE0EE6BB3B239E,0.010416666666666666
./MALWR/PL98_BD8B082B7711BC980252F988BB0CA936,./MALWR/POL55_A4F1ECC4D25B33395196B5D51A06790,0.010638297872340425
./MALWR/PL98_BD8B082B7711BC980252F988BB0CA936,./MALWR/QW2_4C6BDDCCA2695D6202DF38708E14FC7E,0.5384615384615384
./MALWR/PL98_BD8B082B7711BC980252F988BB0CA936,./MALWR/RTC_7F85D7F628CE62D1D8F7B39D8940472,0.2
./MALWR/PL98_BD8B082B7711BC980252F988BB0CA936,./MALWR/SAM_B659D71AE168E774FAAF38DB30F4A84,0.010638297872340425
./MALWR/PL98_BD8B082B7711BC980252F988BB0CA936,./MALWR/TG78Z__727A6800991EEAD454E53E8AF164A99C,0.6923076923076923
./MALWR/PL98_BD8B082B7711BC980252F988BB0CA936,./MALWR/VBMM9_149B7BD7218AAB4E257D28469FDDB0D,0.2
./MALWR/PL98_BD8B082B7711BC980252F988BB0CA936,./MALWR/VC990_468FF2C12CFFC7E5B2FE0EE6BB3B239E,0.6923076923076923
./MALWR/POL55_A4F1ECC4D25B33395196B5D51A06790,./MALWR/QW2_4C6BDDCCA2695D6202DF38708E14FC7E,0.0
./MALWR/POL55_A4F1ECC4D25B33395196B5D51A06790,./MALWR/RTC_7F85D7F628CE62D1D8F7B39D8940472,0.02197802197802198
./MALWR/POL55_A4F1ECC4D25B33395196B5D51A06790,./MALWR/SAM_B659D71AE168E774FAAF38DB30F4A84,1.0
./MALWR/POL55_A4F1ECC4D25B33395196B5D51A06790,./MALWR/TG78Z__727A6800991EEAD454E53E8AF164A99C,0.010416666666666666
./MALWR/POL55_A4F1ECC4D25B33395196B5D51A06790,./MALWR/VBMM9_149B7BD7218AAB4E257D28469FDDB0D,0.02197802197802198
./MALWR/POL55_A4F1ECC4D25B33395196B5D51A06790,./MALWR/VC990_468FF2C12CFFC7E5B2FE0EE6BB3B239E,0.010416666666666666
./MALWR/QW2_4C6BDDCCA2695D6202DF38708E14FC7E,./MALWR/RTC_7F85D7F628CE62D1D8F7B39D8940472,0.2857142857142857
./MALWR/QW2_4C6BDDCCA2695D6202DF38708E14FC7E,./MALWR/SAM_B659D71AE168E774FAAF38DB30F4A84,0.0
./MALWR/QW2_4C6BDDCCA2695D6202DF38708E14FC7E,./MALWR/TG78Z__727A6800991EEAD454E53E8AF164A99C,0.5714285714285714
./MALWR/QW2_4C6BDDCCA2695D6202DF38708E14FC7E,./MALWR/VBMM9_149B7BD7218AAB4E257D28469FDDB0D,0.2857142857142857
./MALWR/QW2_4C6BDDCCA2695D6202DF38708E14FC7E,./MALWR/VC990_468FF2C12CFFC7E5B2FE0EE6BB3B239E,0.5714285714285714
./MALWR/RTC_7F85D7F628CE62D1D8F7B39D8940472,./MALWR/SAM_B659D71AE168E774FAAF38DB30F4A84,0.02197802197802198
./MALWR/RTC_7F85D7F628CE62D1D8F7B39D8940472,./MALWR/TG78Z__727A6800991EEAD454E53E8AF164A99C,0.25
./MALWR/RTC_7F85D7F628CE62D1D8F7B39D8940472,./MALWR/VBMM9_149B7BD7218AAB4E257D28469FDDB0D,1.0
./MALWR/RTC_7F85D7F628CE62D1D8F7B39D8940472,./MALWR/VC990_468FF2C12CFFC7E5B2FE0EE6BB3B239E,0.25
./MALWR/SAM_B659D71AE168E774FAAF38DB30F4A84,./MALWR/TG78Z__727A6800991EEAD454E53E8AF164A99C,0.010416666666666666
./MALWR/SAM_B659D71AE168E774FAAF38DB30F4A84,./MALWR/VBMM9_149B7BD7218AAB4E257D28469FDDB0D,0.02197802197802198
./MALWR/SAM_B659D71AE168E774FAAF38DB30F4A84,./MALWR/VC990_468FF2C12CFFC7E5B2FE0EE6BB3B239E,0.010416666666666666
./MALWR/TG78Z__727A6800991EEAD454E53E8AF164A99C,./MALWR/VBMM9_149B7BD7218AAB4E257D28469FDDB0D,0.25
./MALWR/TG78Z__727A6800991EEAD454E53E8AF164A99C,./MALWR/VC990_468FF2C12CFFC7E5B2FE0EE6BB3B239E,1.0
./MALWR/VBMM9_149B7BD7218AAB4E257D28469FDDB0D,./MALWR/VC990_468FF2C12CFFC7E5B2FE0EE6BB3B239E,0.25
